-- MySQL dump 10.13  Distrib 8.0.34, for Linux (x86_64)
--
-- Host: localhost    Database: django
-- ------------------------------------------------------
-- Server version	8.0.34

/*!40101 SET @OLD_CHARACTER_SET_CLIENT=@@CHARACTER_SET_CLIENT */;
/*!40101 SET @OLD_CHARACTER_SET_RESULTS=@@CHARACTER_SET_RESULTS */;
/*!40101 SET @OLD_COLLATION_CONNECTION=@@COLLATION_CONNECTION */;
/*!50503 SET NAMES utf8mb4 */;
/*!40103 SET @OLD_TIME_ZONE=@@TIME_ZONE */;
/*!40103 SET TIME_ZONE='+00:00' */;
/*!40014 SET @OLD_UNIQUE_CHECKS=@@UNIQUE_CHECKS, UNIQUE_CHECKS=0 */;
/*!40014 SET @OLD_FOREIGN_KEY_CHECKS=@@FOREIGN_KEY_CHECKS, FOREIGN_KEY_CHECKS=0 */;
/*!40101 SET @OLD_SQL_MODE=@@SQL_MODE, SQL_MODE='NO_AUTO_VALUE_ON_ZERO' */;
/*!40111 SET @OLD_SQL_NOTES=@@SQL_NOTES, SQL_NOTES=0 */;

--
-- Table structure for table `auth_group`
--

DROP TABLE IF EXISTS `auth_group`;
/*!40101 SET @saved_cs_client     = @@character_set_client */;
/*!50503 SET character_set_client = utf8mb4 */;
CREATE TABLE `auth_group` (
  `id` int NOT NULL AUTO_INCREMENT,
  `name` varchar(150) NOT NULL,
  PRIMARY KEY (`id`),
  UNIQUE KEY `name` (`name`)
) ENGINE=InnoDB DEFAULT CHARSET=utf8mb4 COLLATE=utf8mb4_0900_ai_ci;
/*!40101 SET character_set_client = @saved_cs_client */;

--
-- Dumping data for table `auth_group`
--

LOCK TABLES `auth_group` WRITE;
/*!40000 ALTER TABLE `auth_group` DISABLE KEYS */;
/*!40000 ALTER TABLE `auth_group` ENABLE KEYS */;
UNLOCK TABLES;

--
-- Table structure for table `auth_group_permissions`
--

DROP TABLE IF EXISTS `auth_group_permissions`;
/*!40101 SET @saved_cs_client     = @@character_set_client */;
/*!50503 SET character_set_client = utf8mb4 */;
CREATE TABLE `auth_group_permissions` (
  `id` bigint NOT NULL AUTO_INCREMENT,
  `group_id` int NOT NULL,
  `permission_id` int NOT NULL,
  PRIMARY KEY (`id`),
  UNIQUE KEY `auth_group_permissions_group_id_permission_id_0cd325b0_uniq` (`group_id`,`permission_id`),
  KEY `auth_group_permissio_permission_id_84c5c92e_fk_auth_perm` (`permission_id`),
  CONSTRAINT `auth_group_permissio_permission_id_84c5c92e_fk_auth_perm` FOREIGN KEY (`permission_id`) REFERENCES `auth_permission` (`id`),
  CONSTRAINT `auth_group_permissions_group_id_b120cbf9_fk_auth_group_id` FOREIGN KEY (`group_id`) REFERENCES `auth_group` (`id`)
) ENGINE=InnoDB DEFAULT CHARSET=utf8mb4 COLLATE=utf8mb4_0900_ai_ci;
/*!40101 SET character_set_client = @saved_cs_client */;

--
-- Dumping data for table `auth_group_permissions`
--

LOCK TABLES `auth_group_permissions` WRITE;
/*!40000 ALTER TABLE `auth_group_permissions` DISABLE KEYS */;
/*!40000 ALTER TABLE `auth_group_permissions` ENABLE KEYS */;
UNLOCK TABLES;

--
-- Table structure for table `auth_permission`
--

DROP TABLE IF EXISTS `auth_permission`;
/*!40101 SET @saved_cs_client     = @@character_set_client */;
/*!50503 SET character_set_client = utf8mb4 */;
CREATE TABLE `auth_permission` (
  `id` int NOT NULL AUTO_INCREMENT,
  `name` varchar(255) NOT NULL,
  `content_type_id` int NOT NULL,
  `codename` varchar(100) NOT NULL,
  PRIMARY KEY (`id`),
  UNIQUE KEY `auth_permission_content_type_id_codename_01ab375a_uniq` (`content_type_id`,`codename`),
  CONSTRAINT `auth_permission_content_type_id_2f476e4b_fk_django_co` FOREIGN KEY (`content_type_id`) REFERENCES `django_content_type` (`id`)
) ENGINE=InnoDB AUTO_INCREMENT=61 DEFAULT CHARSET=utf8mb4 COLLATE=utf8mb4_0900_ai_ci;
/*!40101 SET character_set_client = @saved_cs_client */;

--
-- Dumping data for table `auth_permission`
--

LOCK TABLES `auth_permission` WRITE;
/*!40000 ALTER TABLE `auth_permission` DISABLE KEYS */;
INSERT INTO `auth_permission` VALUES (1,'Can add log entry',1,'add_logentry'),(2,'Can change log entry',1,'change_logentry'),(3,'Can delete log entry',1,'delete_logentry'),(4,'Can view log entry',1,'view_logentry'),(5,'Can add permission',2,'add_permission'),(6,'Can change permission',2,'change_permission'),(7,'Can delete permission',2,'delete_permission'),(8,'Can view permission',2,'view_permission'),(9,'Can add group',3,'add_group'),(10,'Can change group',3,'change_group'),(11,'Can delete group',3,'delete_group'),(12,'Can view group',3,'view_group'),(13,'Can add user',4,'add_user'),(14,'Can change user',4,'change_user'),(15,'Can delete user',4,'delete_user'),(16,'Can view user',4,'view_user'),(17,'Can add content type',5,'add_contenttype'),(18,'Can change content type',5,'change_contenttype'),(19,'Can delete content type',5,'delete_contenttype'),(20,'Can view content type',5,'view_contenttype'),(21,'Can add session',6,'add_session'),(22,'Can change session',6,'change_session'),(23,'Can delete session',6,'delete_session'),(24,'Can view session',6,'view_session'),(25,'Can add user profile',7,'add_userprofile'),(26,'Can change user profile',7,'change_userprofile'),(27,'Can delete user profile',7,'delete_userprofile'),(28,'Can view user profile',7,'view_userprofile'),(29,'Can add service',8,'add_service'),(30,'Can change service',8,'change_service'),(31,'Can delete service',8,'delete_service'),(32,'Can view service',8,'view_service'),(33,'Can add portfolio category',9,'add_portfoliocategory'),(34,'Can change portfolio category',9,'change_portfoliocategory'),(35,'Can delete portfolio category',9,'delete_portfoliocategory'),(36,'Can view portfolio category',9,'view_portfoliocategory'),(37,'Can add portfolio',10,'add_portfolio'),(38,'Can change portfolio',10,'change_portfolio'),(39,'Can delete portfolio',10,'delete_portfolio'),(40,'Can view portfolio',10,'view_portfolio'),(41,'Can add category',11,'add_category'),(42,'Can change category',11,'change_category'),(43,'Can delete category',11,'delete_category'),(44,'Can view category',11,'view_category'),(45,'Can add blog',12,'add_blog'),(46,'Can change blog',12,'change_blog'),(47,'Can delete blog',12,'delete_blog'),(48,'Can view blog',12,'view_blog'),(49,'Can add testimonial',13,'add_testimonial'),(50,'Can change testimonial',13,'change_testimonial'),(51,'Can delete testimonial',13,'delete_testimonial'),(52,'Can view testimonial',13,'view_testimonial'),(53,'Can add subscriber',14,'add_subscriber'),(54,'Can change subscriber',14,'change_subscriber'),(55,'Can delete subscriber',14,'delete_subscriber'),(56,'Can view subscriber',14,'view_subscriber'),(57,'Can add contact',15,'add_contact'),(58,'Can change contact',15,'change_contact'),(59,'Can delete contact',15,'delete_contact'),(60,'Can view contact',15,'view_contact');
/*!40000 ALTER TABLE `auth_permission` ENABLE KEYS */;
UNLOCK TABLES;

--
-- Table structure for table `auth_user`
--

DROP TABLE IF EXISTS `auth_user`;
/*!40101 SET @saved_cs_client     = @@character_set_client */;
/*!50503 SET character_set_client = utf8mb4 */;
CREATE TABLE `auth_user` (
  `id` int NOT NULL AUTO_INCREMENT,
  `password` varchar(128) NOT NULL,
  `last_login` datetime(6) DEFAULT NULL,
  `is_superuser` tinyint(1) NOT NULL,
  `username` varchar(150) NOT NULL,
  `first_name` varchar(150) NOT NULL,
  `last_name` varchar(150) NOT NULL,
  `email` varchar(254) NOT NULL,
  `is_staff` tinyint(1) NOT NULL,
  `is_active` tinyint(1) NOT NULL,
  `date_joined` datetime(6) NOT NULL,
  PRIMARY KEY (`id`),
  UNIQUE KEY `username` (`username`)
) ENGINE=InnoDB AUTO_INCREMENT=22 DEFAULT CHARSET=utf8mb4 COLLATE=utf8mb4_0900_ai_ci;
/*!40101 SET character_set_client = @saved_cs_client */;

--
-- Dumping data for table `auth_user`
--

LOCK TABLES `auth_user` WRITE;
/*!40000 ALTER TABLE `auth_user` DISABLE KEYS */;
INSERT INTO `auth_user` VALUES (1,'argon2$argon2id$v=19$m=102400,t=2,p=8$SmI2MkJQcDJTWFFDa2M1bG9VU3hjYw$Jx4BK7pYvceCD4dsl9V5OmZT4dixS3YpVbro8yCBV48','2023-08-05 19:51:55.329728',1,'rahuldhamecha','White','Devil','rahul.dhamecha@infobeans.com',1,1,'2023-08-02 09:25:10.617630'),(6,'argon2$argon2id$v=19$m=102400,t=2,p=8$eW9wc1NINmgzZGpxNnFPdUFTSzJJUw$qNgjAv+hqewugZaGyPFG0wJceuWaHQSzzfH4mDoF4Ss','2023-08-04 10:48:39.748560',0,'rahul_demo','Rahul','Dhamecha','rahul_demo@test.com',0,1,'2023-08-02 09:35:36.518991'),(20,'argon2$argon2id$v=19$m=102400,t=2,p=8$ajU0NFBGVHY3dmx1Ums0UmpKS2lZSQ$yYUMpPFUCiquDFLrfzHO2W8hWW4cRb6EN60bqGuiWZY','2023-08-04 04:06:04.191849',0,'whitedevil','Sample Test','Sample Test','whitedevil@test.com',0,1,'2023-08-02 19:13:10.629778'),(21,'argon2$argon2id$v=19$m=102400,t=2,p=8$ZmRFMzJTWFpSb0ZRRjBYNXJEUzV5eQ$WTWNsh9hQ9YyNb1fNeCxqI5N7CT6pHSb2rmDnbXlWHc','2023-08-04 12:30:39.281945',0,'darsh_shah','Darsh','Shah','darsh.shah@test.com',0,1,'2023-08-04 10:01:20.308195');
/*!40000 ALTER TABLE `auth_user` ENABLE KEYS */;
UNLOCK TABLES;

--
-- Table structure for table `auth_user_groups`
--

DROP TABLE IF EXISTS `auth_user_groups`;
/*!40101 SET @saved_cs_client     = @@character_set_client */;
/*!50503 SET character_set_client = utf8mb4 */;
CREATE TABLE `auth_user_groups` (
  `id` bigint NOT NULL AUTO_INCREMENT,
  `user_id` int NOT NULL,
  `group_id` int NOT NULL,
  PRIMARY KEY (`id`),
  UNIQUE KEY `auth_user_groups_user_id_group_id_94350c0c_uniq` (`user_id`,`group_id`),
  KEY `auth_user_groups_group_id_97559544_fk_auth_group_id` (`group_id`),
  CONSTRAINT `auth_user_groups_group_id_97559544_fk_auth_group_id` FOREIGN KEY (`group_id`) REFERENCES `auth_group` (`id`),
  CONSTRAINT `auth_user_groups_user_id_6a12ed8b_fk_auth_user_id` FOREIGN KEY (`user_id`) REFERENCES `auth_user` (`id`)
) ENGINE=InnoDB DEFAULT CHARSET=utf8mb4 COLLATE=utf8mb4_0900_ai_ci;
/*!40101 SET character_set_client = @saved_cs_client */;

--
-- Dumping data for table `auth_user_groups`
--

LOCK TABLES `auth_user_groups` WRITE;
/*!40000 ALTER TABLE `auth_user_groups` DISABLE KEYS */;
/*!40000 ALTER TABLE `auth_user_groups` ENABLE KEYS */;
UNLOCK TABLES;

--
-- Table structure for table `auth_user_user_permissions`
--

DROP TABLE IF EXISTS `auth_user_user_permissions`;
/*!40101 SET @saved_cs_client     = @@character_set_client */;
/*!50503 SET character_set_client = utf8mb4 */;
CREATE TABLE `auth_user_user_permissions` (
  `id` bigint NOT NULL AUTO_INCREMENT,
  `user_id` int NOT NULL,
  `permission_id` int NOT NULL,
  PRIMARY KEY (`id`),
  UNIQUE KEY `auth_user_user_permissions_user_id_permission_id_14a6b632_uniq` (`user_id`,`permission_id`),
  KEY `auth_user_user_permi_permission_id_1fbb5f2c_fk_auth_perm` (`permission_id`),
  CONSTRAINT `auth_user_user_permi_permission_id_1fbb5f2c_fk_auth_perm` FOREIGN KEY (`permission_id`) REFERENCES `auth_permission` (`id`),
  CONSTRAINT `auth_user_user_permissions_user_id_a95ead1b_fk_auth_user_id` FOREIGN KEY (`user_id`) REFERENCES `auth_user` (`id`)
) ENGINE=InnoDB DEFAULT CHARSET=utf8mb4 COLLATE=utf8mb4_0900_ai_ci;
/*!40101 SET character_set_client = @saved_cs_client */;

--
-- Dumping data for table `auth_user_user_permissions`
--

LOCK TABLES `auth_user_user_permissions` WRITE;
/*!40000 ALTER TABLE `auth_user_user_permissions` DISABLE KEYS */;
/*!40000 ALTER TABLE `auth_user_user_permissions` ENABLE KEYS */;
UNLOCK TABLES;

--
-- Table structure for table `authentication_userprofile`
--

DROP TABLE IF EXISTS `authentication_userprofile`;
/*!40101 SET @saved_cs_client     = @@character_set_client */;
/*!50503 SET character_set_client = utf8mb4 */;
CREATE TABLE `authentication_userprofile` (
  `id` bigint NOT NULL AUTO_INCREMENT,
  `social_link` varchar(200) NOT NULL,
  `profile_pic` varchar(100) NOT NULL,
  `user_id` int NOT NULL,
  PRIMARY KEY (`id`),
  UNIQUE KEY `user_id` (`user_id`),
  CONSTRAINT `authentication_userprofile_user_id_83547247_fk_auth_user_id` FOREIGN KEY (`user_id`) REFERENCES `auth_user` (`id`)
) ENGINE=InnoDB AUTO_INCREMENT=23 DEFAULT CHARSET=utf8mb4 COLLATE=utf8mb4_0900_ai_ci;
/*!40101 SET character_set_client = @saved_cs_client */;

--
-- Dumping data for table `authentication_userprofile`
--

LOCK TABLES `authentication_userprofile` WRITE;
/*!40000 ALTER TABLE `authentication_userprofile` DISABLE KEYS */;
INSERT INTO `authentication_userprofile` VALUES (5,'https://google.com','profile_pics/app-2.jpg',6),(19,'http://google.com','profile_pics/clement-helardot-95YRwf6CNw8-unsplash.jpg',20),(21,'','profile_pics/app-1.jpg',21),(22,'https://google.com','profile_pics/ben-griffiths-Bj6ENZDMSDY-unsplash_1.jpg',1);
/*!40000 ALTER TABLE `authentication_userprofile` ENABLE KEYS */;
UNLOCK TABLES;

--
-- Table structure for table `blogs_blog`
--

DROP TABLE IF EXISTS `blogs_blog`;
/*!40101 SET @saved_cs_client     = @@character_set_client */;
/*!50503 SET character_set_client = utf8mb4 */;
CREATE TABLE `blogs_blog` (
  `id` bigint NOT NULL AUTO_INCREMENT,
  `title` varchar(400) NOT NULL,
  `date` date NOT NULL,
  `content` longtext NOT NULL,
  `status` tinyint(1) NOT NULL,
  `user_id` int NOT NULL,
  `blog_image` varchar(100) NOT NULL,
  `short_description` longtext NOT NULL DEFAULT (_utf8mb3''),
  PRIMARY KEY (`id`),
  KEY `blogs_blog_user_id_beff9d08_fk_auth_user_id` (`user_id`),
  CONSTRAINT `blogs_blog_user_id_beff9d08_fk_auth_user_id` FOREIGN KEY (`user_id`) REFERENCES `auth_user` (`id`)
) ENGINE=InnoDB AUTO_INCREMENT=22 DEFAULT CHARSET=utf8mb4 COLLATE=utf8mb4_0900_ai_ci;
/*!40101 SET character_set_client = @saved_cs_client */;

--
-- Dumping data for table `blogs_blog`
--

LOCK TABLES `blogs_blog` WRITE;
/*!40000 ALTER TABLE `blogs_blog` DISABLE KEYS */;
INSERT INTO `blogs_blog` VALUES (3,'Organizing test code in PHP','2023-04-08','Lorem ipsum dolor sit amet, consectetur adipiscing elit. Nam ut scelerisque ex. Integer a ipsum ante. Cras sit amet eros eu enim pretium imperdiet a faucibus turpis. Aenean ut sollicitudin erat. Donec eu vulputate mi. Morbi lacus lacus, tincidunt vitae interdum sit amet, semper eget lectus. Praesent mattis aliquam bibendum. Integer molestie venenatis arcu, non auctor mauris ornare in. Curabitur sagittis felis a sapien ultricies elementum.\r\n\r\nProin faucibus lacinia lacus, eget fringilla purus maximus at. Suspendisse hendrerit purus sollicitudin justo ultrices, ac porta mi luctus. Mauris ut blandit augue. Nullam vel ligula rhoncus sem laoreet auctor. Morbi at massa eget leo scelerisque ornare. In non magna eu risus interdum tincidunt. In vehicula nibh id egestas consequat. Phasellus varius lorem non risus lobortis sollicitudin. Curabitur tristique odio ut dui pharetra ullamcorper. Nam lorem velit, tristique quis maximus sit amet, ultrices nec tortor. In efficitur lacinia nisl in dapibus. Mauris eget elementum massa.\r\n\r\nSed id tortor sit amet turpis facilisis tempus. Duis quis leo pharetra, ullamcorper metus ac, vehicula nunc. Aenean id fermentum turpis, sit amet finibus dolor. Morbi nunc augue, vehicula a porttitor faucibus, cursus sit amet quam. Aliquam quis aliquam lacus. Mauris nec elit metus. Aliquam consectetur ex erat. Pellentesque placerat condimentum dui, vitae porttitor turpis tincidunt in. Vestibulum quis fringilla nisi.\r\n\r\nNulla eleifend sodales turpis non posuere. Nulla elementum nisi ex, ut consequat mauris volutpat id. Proin sed molestie enim. Maecenas mattis eu lorem quis aliquam. Phasellus pulvinar malesuada commodo. Aliquam at est mi. Vivamus fermentum a justo non sodales. Praesent tempus lacus sed velit pellentesque elementum. Quisque consequat tincidunt dictum. Vivamus dapibus, erat id bibendum sodales, quam leo dictum nibh, nec blandit ante leo a neque. Praesent non orci dolor.\r\n\r\nEtiam sagittis tempus orci, nec tempor velit accumsan id. Proin auctor dolor quis dui lobortis ultrices. Maecenas nec cursus eros. Nunc malesuada, arcu dictum ornare lacinia, dui arcu condimentum tortor, id facilisis dui enim ac magna. Ut ullamcorper urna vitae neque fermentum, a porttitor dolor accumsan. Fusce aliquam est lacus, consectetur feugiat diam sodales eget. Nullam eu nisi pellentesque, dictum metus ut, consectetur ex. Pellentesque enim urna, vulputate vel pellentesque at, varius eu sem.\r\n\r\nDuis hendrerit convallis risus at euismod. Suspendisse potenti. Integer sed dolor interdum, blandit lorem sit amet, sodales enim. Integer mollis lectus ut libero porta, non mollis sapien condimentum. Maecenas blandit purus ipsum, non gravida felis laoreet vitae. Duis elementum urna ac nibh gravida, faucibus suscipit nisi mollis. Cras velit magna, iaculis id velit nec, volutpat efficitur quam. Maecenas malesuada tempor rutrum. Mauris elit libero, imperdiet in metus non, rhoncus lacinia nulla. Aliquam iaculis bibendum ante, ac laoreet ex tincidunt a. Cras fringilla ipsum id fermentum tristique. Curabitur mattis lacinia dui sit amet scelerisque. Sed pellentesque eros massa, at tempus justo pulvinar ac. In dui tortor, tempor id molestie at, convallis vitae turpis. Nam sem justo, pellentesque ac iaculis eu, pellentesque in sapien.\r\n\r\nCras vehicula diam id tristique blandit. Pellentesque vestibulum in magna a maximus. Suspendisse congue vehicula libero, non vehicula velit ultrices sed. Nam sagittis lorem ut eros sollicitudin convallis. Morbi finibus varius commodo. In volutpat lorem a sagittis venenatis. Nunc et tempus elit. Praesent lacus orci, egestas eu tellus et, ultricies vehicula sem. Morbi ac mollis lectus.\r\n\r\nDonec scelerisque lacus ac libero hendrerit venenatis. Donec in felis a est ornare malesuada in id augue. Vivamus at tortor ut purus luctus tempor ac id ligula. Vivamus suscipit odio justo, vitae ornare leo feugiat at. Sed in justo mauris. Mauris venenatis pharetra magna eget placerat. Pellentesque habitant morbi tristique senectus et netus et malesuada fames ac turpis egestas. Sed non ligula eu diam tristique semper semper ut risus. Praesent nec porta augue, sed dapibus elit. Nam vulputate tortor sem, tempor euismod tellus dictum at. Etiam a pretium dui. Pellentesque quis venenatis nulla. Nullam eu commodo lacus. Sed leo sem, volutpat sit amet ipsum tincidunt, consectetur volutpat ante. Maecenas sit amet nulla neque.\r\n\r\nPhasellus dignissim lacus sit amet neque viverra, quis tempor dui fringilla. Suspendisse eget augue feugiat, condimentum ante in, blandit nulla. Class aptent taciti sociosqu ad litora torquent per conubia nostra, per inceptos himenaeos. Etiam sed luctus lectus. Vestibulum in nunc vehicula, tincidunt sem vel, venenatis lectus. Aenean varius mi vel sem gravida, id consequat nisl molestie. In et malesuada nunc, lacinia porttitor lacus. Proin luctus orci ac maximus rhoncus. Donec tincidunt vestibulum augue, eu fringilla lectus. Sed viverra dolor ut massa egestas malesuada. Sed augue nulla, pharetra quis pellentesque vitae, malesuada nec lacus. Etiam convallis ipsum sed nunc volutpat dignissim. Donec ut pulvinar libero. Aenean nec neque id ligula congue egestas. Mauris nec ante tincidunt, vulputate velit vel, suscipit nulla.\r\n\r\nSed non blandit ligula. Aliquam a iaculis ipsum. Nulla eu nibh dictum quam luctus cursus eget eget lectus. Morbi luctus sed libero eu vehicula. Sed et lacus mi. Aliquam sed est vel nibh auctor luctus. Sed lacinia volutpat sem a convallis. Ut dapibus cursus efficitur. Suspendisse vel augue viverra, feugiat diam ultricies, vestibulum metus. Phasellus iaculis, neque sed consectetur accumsan, lectus urna sollicitudin felis, id blandit massa arcu ac elit. Sed malesuada elit vel imperdiet ullamcorper. Fusce dapibus eros scelerisque sem ornare interdum.',1,6,'blog_images/kobu-agency-67L18R4tW_w-unsplash_iVCWq3M.jpg',''),(4,'Extending PHPUnit with its new event system','2023-01-08','<p>you can extend <a href=\"https://github.com/sebastianbergmann/phpunit\"><strong>phpunit/phpunit</strong></a> by creating and using abstract test classes and traits - or by using the event system of phpunit/phpunit.</p><p>As one of the contributors to the new event system of phpunit/phpunit, I will give you an overview of the iterations of the event systems of phpunit/phpunit, show how you can migrate from any of the previous event systems to PHPUnit\'s new event system, and share insights on components and the events in the new event system of PHPUnit.</p><h2>tl;dr</h2><p>Refer to the official phpunit/phpunit documentation for learning <a href=\"https://docs.phpunit.de/en/10.2/extending-phpunit.html\"><strong>how to extend PHPUnit</strong></a>.</p><p>Inspect <a href=\"https://github.com/ergebnis/phpunit-slow-test-detector\"><strong>ergebnis/phpunit-slow-test-detector</strong></a>, an extension for detecting slow tests in PHPUnit.</p><p>This extension, inspired by <a href=\"https://github.com/johnkary/phpunit-speedtrap\"><strong>johnkary/phpunit-speedtrap</strong></a>, uses the new event system of phpunit/phpunit. I started working on this package on January 23, 2021, so it is probably the first extension using the new event system of phpunit/phpunit. It provided helpful feedback during the development of the new event system of phpunit/phpunit.</p><h2>Iterations of the event system</h2><p>So far, the event system of phpunit/phpunit has seen three iterations:</p><ul><li>the <a href=\"https://localheinz.com/articles/2023/02/14/extending-phpunit-with-its-new-event-system/#content-test-listener-event-system\"><strong>test listener event system</strong></a></li><li>the <a href=\"https://localheinz.com/articles/2023/02/14/extending-phpunit-with-its-new-event-system/#content-hooks-event-system\"><strong>hooks event system</strong></a></li><li>the <a href=\"https://localheinz.com/articles/2023/02/14/extending-phpunit-with-its-new-event-system/#content-new-event-system\"><strong>new event system</strong></a></li></ul>',1,6,'blog_images/kobu-agency-67L18R4tW_w-unsplash_ZPxTGMj.jpg',''),(5,'You can now log in using your Google or GitHub account','2023-04-08','<p>You can now register and log in to Flare using your Google or GitHub account.</p><p>You\'ll see these two new buttons on the register and login page.</p><figure class=\"image\"><img src=\"https://flare-prod-blog.fra1.cdn.digitaloceanspaces.com/nj0tuu3mkrgv4pSXcc6wx89LWvx2maObfmJowwPh.jpg\" alt=\"\"></figure><p>You can log in to Flare using these buttons with a single click. This is way faster than the traditional email / password flow (where we\'ll also need to verify your email).</p><p>In this blog post, I\'d like to show you how this feature works behind the scenes. Spoiler: <a href=\"https://laravel.com/docs/10.x/socialite\">Socialite</a> makes this a breeze.</p><h2><strong>Implementing social login in a Laravel app</strong></h2><p>Google and GitHub offer login functionalities through what is called the OAuth flow. This flow will redirect the user from Flare to a login page on Google/GitHub, and after the user has logged in there, Google/GitHub will redirect the user back to Flare, which contains information about the logged-in user. That\'s the simplified version.</p><figure class=\"image\"><img src=\"https://flare-prod-blog.fra1.cdn.digitaloceanspaces.com/Xlf0H3hWyTK3E2lxVIt18L4cpCKgjIxiJMipguBN.jpg\" alt=\"\"></figure><p>Behind the scenes, Flare is a Laravel app. Let\'s review the steps we took to add a social login to Flare.</p><p>Both Google and GitHub will send ids and tokens around the user the will be logged in. We added some columns in our database to hold that info.</p><p>use Illuminate\\Database\\Migrations\\Migration;\r\nuse Illuminate\\Database\\Schema\\Blueprint;\r\nuse Illuminate\\Support\\Facades\\Schema;\r\n\r\nreturn new class () extends <strong>Migration</strong> {\r\n &nbsp; &nbsp;public function up()\r\n &nbsp; &nbsp;{\r\n &nbsp; &nbsp; &nbsp; &nbsp;Schema::table(\'users\', function (Blueprint $table) {\r\n &nbsp; &nbsp; &nbsp; &nbsp; &nbsp; &nbsp;$table-&gt;after(\'remember_token\', function (Blueprint $table) {\r\n &nbsp; &nbsp; &nbsp; &nbsp; &nbsp; &nbsp; &nbsp; &nbsp;$table-&gt;string(\'github_id\')-&gt;nullable()-&gt;index();\r\n\r\n &nbsp; &nbsp; &nbsp; &nbsp; &nbsp; &nbsp; &nbsp; &nbsp;$table-&gt;string(\'google_id\')-&gt;nullable()-&gt;index();\r\n &nbsp; &nbsp; &nbsp; &nbsp; &nbsp; &nbsp;});\r\n &nbsp; &nbsp; &nbsp; &nbsp;});\r\n &nbsp; &nbsp;}\r\n};\r\n</p><p>Laravel has a great first-party package called <a href=\"https://laravel.com/docs/10.x/socialite\">Socialite</a> that can handle logins using the OAuth flow.</p><p>You can install it using Composer:</p><p>composer require laravel/socialite\r\n</p><p>Next up, you should create an OAuth application at Google and/or GitHub that will provide you with a client_id and client_secret. Explaining how you can create this OAuth application is beyond the scope of this post, but you\'ll probably find it quickly with some Googling.</p><p>In the config/services.php file, we added these keys.</p><p>return [\r\n\r\n		// other values...	\r\n		\r\n &nbsp; &nbsp;\'github\' =&gt; [\r\n &nbsp; &nbsp; &nbsp; &nbsp;\'client_id\' =&gt; env(\'GITHUB_CLIENT_ID\'),\r\n &nbsp; &nbsp; &nbsp; &nbsp;\'client_secret\' =&gt; env(\'GITHUB_CLIENT_SECRET\'),\r\n &nbsp; &nbsp; &nbsp; &nbsp;\'redirect\' =&gt; env(\'APP_URL\') . \'/auth/callback/github\',\r\n &nbsp; &nbsp;],\r\n\r\n &nbsp; &nbsp;\'google\' =&gt; [\r\n &nbsp; &nbsp; &nbsp; &nbsp;\'client_id\' =&gt; env(\'GOOGLE_CLIENT_ID\'),\r\n &nbsp; &nbsp; &nbsp; &nbsp;\'client_secret\' =&gt; env(\'GOOGLE_CLIENT_SECRET\'),\r\n &nbsp; &nbsp; &nbsp; &nbsp;\'redirect\' =&gt; env(\'APP_URL\') . \'/auth/callback/google\',\r\n &nbsp; &nbsp;],\r\n];\r\n</p><p>Of course, you should also set the client id and secret as .env variables; use the names mentioned in the config file above.</p><p>Next, let\'s add two routes to handle the social login.</p><p>use App\\Http\\Auth\\SocialiteController;\r\n\r\n// in a routes file\r\n\r\nRoute::get(\'auth/redirect/{driver}\', [SocialiteController::class, \'redirect\'])-&gt;name(\'socialite\');\r\nRoute::get(\'auth/callback/{driver}\', [SocialiteController::class, \'callback\']);\r\n</p><p>When a user visits the first route, the user will be redirected to Google/GitHub. The second route will be hit when Google/GitHub redirects back to Flare. If the request contains the correct information, we\'ll log in to the user.</p><p>Let\'s take a look at the implementation of the SocialiteController that handles requests to both these routes.</p><p>namespace App\\Http\\Auth;\r\n\r\nuse App\\Domain\\Team\\Actions\\FindOrCreateUserForSocialiteAction;\r\nuse App\\Domain\\Team\\Enums\\SocialiteDriver;\r\nuse Illuminate\\Http\\RedirectResponse;\r\nuse Illuminate\\Support\\Facades\\Auth;\r\nuse Laravel\\Socialite\\Facades\\Socialite;\r\nuse Laravel\\Socialite\\Two\\InvalidStateException;\r\n\r\nclass SocialiteController\r\n{\r\n &nbsp; &nbsp;public function redirect(string $driver): RedirectResponse\r\n &nbsp; &nbsp;{\r\n &nbsp; &nbsp; &nbsp; &nbsp;abort_if(!in_array($driver, [\'github\', \'google\']), 404);\r\n\r\n &nbsp; &nbsp; &nbsp; &nbsp;/** @var \\Laravel\\Socialite\\Two\\GoogleProvider|\\Laravel\\Socialite\\Two\\GithubProvider $socialite */\r\n &nbsp; &nbsp; &nbsp; &nbsp;$socialite = Socialite::driver($driver);\r\n\r\n &nbsp; &nbsp; &nbsp; &nbsp;return match ($driver) {\r\n &nbsp; &nbsp; &nbsp; &nbsp; &nbsp; &nbsp;\'github\' =&gt; $socialite-&gt;scopes([\'read:user\', \'user:email\'])-&gt;redirect(),\r\n &nbsp; &nbsp; &nbsp; &nbsp; &nbsp; &nbsp;\'google\' =&gt; $socialite-&gt;redirect(),\r\n &nbsp; &nbsp; &nbsp; &nbsp;};\r\n &nbsp; &nbsp;}\r\n &nbsp; &nbsp;\r\n &nbsp; &nbsp;public function callback(string $driver): RedirectResponse\r\n &nbsp; &nbsp;{\r\n	 &nbsp; &nbsp; // implementation removed for brevity...\r\n &nbsp; &nbsp; }\r\n}\r\n</p><p>So in the redirect function of the controller, we will redirect to Google/GitHub. Socialite will build up the correct URL. Nice!</p><p>Next, let\'s look at the implementation of callback, which will be called when Google/GitHub redirects back.</p><p>&lt;?php\r\n\r\nnamespace App\\Http\\Front\\Controllers;\r\n\r\nuse App\\Domain\\Team\\Actions\\CreateUserAction;\r\nuse App\\Domain\\Team\\Models\\User;\r\nuse Illuminate\\Database\\Eloquent\\Builder;\r\nuse Illuminate\\Http\\RedirectResponse;\r\nuse Illuminate\\Support\\Facades\\Auth;\r\nuse Illuminate\\Support\\Str;\r\nuse Laravel\\Socialite\\Contracts\\User as SocialiteUser;\r\nuse Laravel\\Socialite\\Facades\\Socialite;\r\n\r\nclass SocialiteController\r\n{\r\n &nbsp; &nbsp;public function redirect(string $driver): RedirectResponse\r\n &nbsp; &nbsp;{\r\n				// removed for brevity &nbsp; &nbsp; &nbsp; &nbsp;\r\n &nbsp; &nbsp;}\r\n\r\n &nbsp; &nbsp;public function callback(string $driver): RedirectResponse\r\n &nbsp; &nbsp;{\r\n &nbsp; &nbsp; &nbsp; &nbsp;abort_if(! in_array($driver, [\'github\', \'google\']), 404);\r\n\r\n &nbsp; &nbsp; &nbsp; &nbsp;$socialiteUser = Socialite::driver($driver)-&gt;user();\r\n\r\n &nbsp; &nbsp; &nbsp; &nbsp;$user = $this-&gt;findUserByKeyOrEmail($driver, $socialiteUser);\r\n &nbsp; &nbsp; &nbsp; &nbsp;$user ??= $this-&gt;createUser($driver, $socialiteUser);\r\n &nbsp; &nbsp; &nbsp; &nbsp;$this-&gt;updateUser($driver, $user, $socialiteUser);\r\n\r\n &nbsp; &nbsp; &nbsp; &nbsp;Auth::login($user, remember: true);\r\n\r\n &nbsp; &nbsp; &nbsp; &nbsp;return redirect()-&gt;route(\'projects.index\');\r\n &nbsp; &nbsp;}\r\n\r\n &nbsp; &nbsp;// other functions removed for brevity, well get \r\n &nbsp; &nbsp;// to those.\r\n}\r\n\r\n</p><p>In the above code, you see that we\'re going to get to the information that Google/GitHub provided by calling Socialite::driver($driver)-&gt;user(). This object contains the email and 3rd party user id of the user at the external service. We will use that information to look up the user with the same email or 3rd party user id in our local data pass. If such a user doesn\'t exist, well create it. After that, we\'ll log in the user and redirect to the projects.index route where all Flare projects for that user are shown.</p><p>To finish off, let\'s look at the implementations of the createUser and updateUser functions.</p><p>&lt;?php\r\n\r\nnamespace App\\Http\\Front\\Controllers;\r\n\r\nuse App\\Domain\\Team\\Actions\\CreateUserAction;\r\nuse App\\Domain\\Team\\Models\\User;\r\nuse Illuminate\\Database\\Eloquent\\Builder;\r\nuse Illuminate\\Http\\RedirectResponse;\r\nuse Illuminate\\Support\\Facades\\Auth;\r\nuse Illuminate\\Support\\Str;\r\nuse Laravel\\Socialite\\Contracts\\User as SocialiteUser;\r\nuse Laravel\\Socialite\\Facades\\Socialite;\r\n\r\nclass SocialiteController\r\n{\r\n &nbsp; &nbsp;// other functions\r\n\r\n &nbsp; &nbsp;protected function findUserByKeyOrEmail(string $driver, SocialiteUser $user): ?User\r\n &nbsp; &nbsp;{\r\n &nbsp; &nbsp; &nbsp; &nbsp;return User::where(\"{$driver}_id\", $user-&gt;getId())\r\n &nbsp; &nbsp; &nbsp; &nbsp; &nbsp; &nbsp;-&gt;orWhere(function (Builder $query) use ($user) {\r\n &nbsp; &nbsp; &nbsp; &nbsp; &nbsp; &nbsp; &nbsp; &nbsp;$query-&gt;where(\'email\', $user-&gt;getEmail())-&gt;whereNotNull(\'email_verified_at\');\r\n &nbsp; &nbsp; &nbsp; &nbsp; &nbsp; &nbsp;})\r\n &nbsp; &nbsp; &nbsp; &nbsp; &nbsp; &nbsp;-&gt;first();\r\n &nbsp; &nbsp;}\r\n\r\n &nbsp; &nbsp;protected function createUser(string $driver, SocialiteUser $user): User\r\n &nbsp; &nbsp;{\r\n &nbsp; &nbsp; &nbsp; &nbsp;return app(CreateUserAction::class)-&gt;execute(\r\n &nbsp; &nbsp; &nbsp; &nbsp; &nbsp; &nbsp;name: $user-&gt;getName(),\r\n &nbsp; &nbsp; &nbsp; &nbsp; &nbsp; &nbsp;email: $user-&gt;getEmail(),\r\n &nbsp; &nbsp; &nbsp; &nbsp; &nbsp; &nbsp;password: Str::random(64),\r\n &nbsp; &nbsp; &nbsp; &nbsp; &nbsp; &nbsp;attributes: [\r\n &nbsp; &nbsp; &nbsp; &nbsp; &nbsp; &nbsp; &nbsp; &nbsp;\"{$driver}_id\" =&gt; $user-&gt;getId(),\r\n &nbsp; &nbsp; &nbsp; &nbsp; &nbsp; &nbsp; &nbsp; &nbsp;\'email_verified_at\' =&gt; now(),\r\n &nbsp; &nbsp; &nbsp; &nbsp; &nbsp; &nbsp;]\r\n &nbsp; &nbsp; &nbsp; &nbsp;);\r\n &nbsp; &nbsp;}\r\n\r\n &nbsp; &nbsp;protected function updateUser(string $driver, User $user, SocialiteUser $socialiteUser): bool\r\n &nbsp; &nbsp;{\r\n &nbsp; &nbsp; &nbsp; &nbsp;$user-&gt;fill([\r\n &nbsp; &nbsp; &nbsp; &nbsp; &nbsp; &nbsp;\"{$driver}_id\" =&gt; $socialiteUser-&gt;getId(),\r\n &nbsp; &nbsp; &nbsp; &nbsp;]);\r\n\r\n &nbsp; &nbsp; &nbsp; &nbsp;if (! $user-&gt;email_verified_at &amp;&amp; $user-&gt;email === $socialiteUser-&gt;getEmail()) {\r\n &nbsp; &nbsp; &nbsp; &nbsp; &nbsp; &nbsp;$user-&gt;email_verified_at = now();\r\n &nbsp; &nbsp; &nbsp; &nbsp;}\r\n\r\n &nbsp; &nbsp; &nbsp; &nbsp;return $user-&gt;save();\r\n &nbsp; &nbsp;}\r\n}\r\n</p><p>The above code should be pretty straightforward.</p><h2><strong>In closing</strong></h2><p>In this post, you learned that adding a social login in a Laravel app is pretty easy. <a href=\"https://laravel.com/docs/10.x/socialite\">Socialite</a> does the heavy lifting for you.</p><p>In our sister service, Oh Dear, we see that about half of the log ins and registrations now happen via Google. People seem to like that they can now log in using a single click. Adding this to your app might be worthwhile as well.</p>',1,6,'blog_images/mika-baumeister-J5yoGZLdpSI-unsplash.jpg',''),(6,'Python 3.12.0 beta 4 released','2023-03-08','<p>Lorem ipsum dolor sit amet, consectetur adipiscing elit. Nam ut scelerisque ex. Integer a ipsum ante. Cras sit amet eros eu enim pretium imperdiet a faucibus turpis. Aenean ut sollicitudin erat. Donec eu vulputate mi. Morbi lacus lacus, tincidunt vitae interdum sit amet, semper eget lectus. Praesent mattis aliquam bibendum. Integer molestie venenatis arcu, non auctor mauris ornare in. Curabitur sagittis felis a sapien ultricies elementum.</p><p>Proin faucibus lacinia lacus, eget fringilla purus maximus at. Suspendisse hendrerit purus sollicitudin justo ultrices, ac porta mi luctus. Mauris ut blandit augue. Nullam vel ligula rhoncus sem laoreet auctor. Morbi at massa eget leo scelerisque ornare. In non magna eu risus interdum tincidunt. In vehicula nibh id egestas consequat. Phasellus varius lorem non risus lobortis sollicitudin. Curabitur tristique odio ut dui pharetra ullamcorper. Nam lorem velit, tristique quis maximus sit amet, ultrices nec tortor. In efficitur lacinia nisl in dapibus. Mauris eget elementum massa.</p><p>Sed id tortor sit amet turpis facilisis tempus. Duis quis leo pharetra, ullamcorper metus ac, vehicula nunc. Aenean id fermentum turpis, sit amet finibus dolor. Morbi nunc augue, vehicula a porttitor faucibus, cursus sit amet quam. Aliquam quis aliquam lacus. Mauris nec elit metus. Aliquam consectetur ex erat. Pellentesque placerat condimentum dui, vitae porttitor turpis tincidunt in. Vestibulum quis fringilla nisi.</p><p>Nulla eleifend sodales turpis non posuere. Nulla elementum nisi ex, ut consequat mauris volutpat id. Proin sed molestie enim. Maecenas mattis eu lorem quis aliquam. Phasellus pulvinar malesuada commodo. Aliquam at est mi. Vivamus fermentum a justo non sodales. Praesent tempus lacus sed velit pellentesque elementum. Quisque consequat tincidunt dictum. Vivamus dapibus, erat id bibendum sodales, quam leo dictum nibh, nec blandit ante leo a neque. Praesent non orci dolor.</p><p>Etiam sagittis tempus orci, nec tempor velit accumsan id. Proin auctor dolor quis dui lobortis ultrices. Maecenas nec cursus eros. Nunc malesuada, arcu dictum ornare lacinia, dui arcu condimentum tortor, id facilisis dui enim ac magna. Ut ullamcorper urna vitae neque fermentum, a porttitor dolor accumsan. Fusce aliquam est lacus, consectetur feugiat diam sodales eget. Nullam eu nisi pellentesque, dictum metus ut, consectetur ex. Pellentesque enim urna, vulputate vel pellentesque at, varius eu sem.</p><p>Duis hendrerit convallis risus at euismod. Suspendisse potenti. Integer sed dolor interdum, blandit lorem sit amet, sodales enim. Integer mollis lectus ut libero porta, non mollis sapien condimentum. Maecenas blandit purus ipsum, non gravida felis laoreet vitae. Duis elementum urna ac nibh gravida, faucibus suscipit nisi mollis. Cras velit magna, iaculis id velit nec, volutpat efficitur quam. Maecenas malesuada tempor rutrum. Mauris elit libero, imperdiet in metus non, rhoncus lacinia nulla. Aliquam iaculis bibendum ante, ac laoreet ex tincidunt a. Cras fringilla ipsum id fermentum tristique. Curabitur mattis lacinia dui sit amet scelerisque. Sed pellentesque eros massa, at tempus justo pulvinar ac. In dui tortor, tempor id molestie at, convallis vitae turpis. Nam sem justo, pellentesque ac iaculis eu, pellentesque in sapien.</p><p>Cras vehicula diam id tristique blandit. Pellentesque vestibulum in magna a maximus. Suspendisse congue vehicula libero, non vehicula velit ultrices sed. Nam sagittis lorem ut eros sollicitudin convallis. Morbi finibus varius commodo. In volutpat lorem a sagittis venenatis. Nunc et tempus elit. Praesent lacus orci, egestas eu tellus et, ultricies vehicula sem. Morbi ac mollis lectus.</p><p>Donec scelerisque lacus ac libero hendrerit venenatis. Donec in felis a est ornare malesuada in id augue. Vivamus at tortor ut purus luctus tempor ac id ligula. Vivamus suscipit odio justo, vitae ornare leo feugiat at. Sed in justo mauris. Mauris venenatis pharetra magna eget placerat. Pellentesque habitant morbi tristique senectus et netus et malesuada fames ac turpis egestas. Sed non ligula eu diam tristique semper semper ut risus. Praesent nec porta augue, sed dapibus elit. Nam vulputate tortor sem, tempor euismod tellus dictum at. Etiam a pretium dui. Pellentesque quis venenatis nulla. Nullam eu commodo lacus. Sed leo sem, volutpat sit amet ipsum tincidunt, consectetur volutpat ante. Maecenas sit amet nulla neque.</p><p>Phasellus dignissim lacus sit amet neque viverra, quis tempor dui fringilla. Suspendisse eget augue feugiat, condimentum ante in, blandit nulla. Class aptent taciti sociosqu ad litora torquent per conubia nostra, per inceptos himenaeos. Etiam sed luctus lectus. Vestibulum in nunc vehicula, tincidunt sem vel, venenatis lectus. Aenean varius mi vel sem gravida, id consequat nisl molestie. In et malesuada nunc, lacinia porttitor lacus. Proin luctus orci ac maximus rhoncus. Donec tincidunt vestibulum augue, eu fringilla lectus. Sed viverra dolor ut massa egestas malesuada. Sed augue nulla, pharetra quis pellentesque vitae, malesuada nec lacus. Etiam convallis ipsum sed nunc volutpat dignissim. Donec ut pulvinar libero. Aenean nec neque id ligula congue egestas. Mauris nec ante tincidunt, vulputate velit vel, suscipit nulla.</p><p>Sed non blandit ligula. Aliquam a iaculis ipsum. Nulla eu nibh dictum quam luctus cursus eget eget lectus. Morbi luctus sed libero eu vehicula. Sed et lacus mi. Aliquam sed est vel nibh auctor luctus. Sed lacinia volutpat sem a convallis. Ut dapibus cursus efficitur. Suspendisse vel augue viverra, feugiat diam ultricies, vestibulum metus. Phasellus iaculis, neque sed consectetur accumsan, lectus urna sollicitudin felis, id blandit massa arcu ac elit. Sed malesuada elit vel imperdiet ullamcorper. Fusce dapibus eros scelerisque sem ornare interdum.</p>',1,21,'blog_images/hitesh-choudhary-pMnw5BSZYsA-unsplash.jpg',''),(7,'Python 3.12.0 beta 3 released','2023-01-08','<p>Lorem ipsum dolor sit amet, consectetur adipiscing elit. Nam ut scelerisque ex. Integer a ipsum ante. Cras sit amet eros eu enim pretium imperdiet a faucibus turpis. Aenean ut sollicitudin erat. Donec eu vulputate mi. Morbi lacus lacus, tincidunt vitae interdum sit amet, semper eget lectus. Praesent mattis aliquam bibendum. Integer molestie venenatis arcu, non auctor mauris ornare in. Curabitur sagittis felis a sapien ultricies elementum.</p><p>Proin faucibus lacinia lacus, eget fringilla purus maximus at. Suspendisse hendrerit purus sollicitudin justo ultrices, ac porta mi luctus. Mauris ut blandit augue. Nullam vel ligula rhoncus sem laoreet auctor. Morbi at massa eget leo scelerisque ornare. In non magna eu risus interdum tincidunt. In vehicula nibh id egestas consequat. Phasellus varius lorem non risus lobortis sollicitudin. Curabitur tristique odio ut dui pharetra ullamcorper. Nam lorem velit, tristique quis maximus sit amet, ultrices nec tortor. In efficitur lacinia nisl in dapibus. Mauris eget elementum massa.</p><p>Sed id tortor sit amet turpis facilisis tempus. Duis quis leo pharetra, ullamcorper metus ac, vehicula nunc. Aenean id fermentum turpis, sit amet finibus dolor. Morbi nunc augue, vehicula a porttitor faucibus, cursus sit amet quam. Aliquam quis aliquam lacus. Mauris nec elit metus. Aliquam consectetur ex erat. Pellentesque placerat condimentum dui, vitae porttitor turpis tincidunt in. Vestibulum quis fringilla nisi.</p><p>Nulla eleifend sodales turpis non posuere. Nulla elementum nisi ex, ut consequat mauris volutpat id. Proin sed molestie enim. Maecenas mattis eu lorem quis aliquam. Phasellus pulvinar malesuada commodo. Aliquam at est mi. Vivamus fermentum a justo non sodales. Praesent tempus lacus sed velit pellentesque elementum. Quisque consequat tincidunt dictum. Vivamus dapibus, erat id bibendum sodales, quam leo dictum nibh, nec blandit ante leo a neque. Praesent non orci dolor.</p><p>Etiam sagittis tempus orci, nec tempor velit accumsan id. Proin auctor dolor quis dui lobortis ultrices. Maecenas nec cursus eros. Nunc malesuada, arcu dictum ornare lacinia, dui arcu condimentum tortor, id facilisis dui enim ac magna. Ut ullamcorper urna vitae neque fermentum, a porttitor dolor accumsan. Fusce aliquam est lacus, consectetur feugiat diam sodales eget. Nullam eu nisi pellentesque, dictum metus ut, consectetur ex. Pellentesque enim urna, vulputate vel pellentesque at, varius eu sem.</p><p>Duis hendrerit convallis risus at euismod. Suspendisse potenti. Integer sed dolor interdum, blandit lorem sit amet, sodales enim. Integer mollis lectus ut libero porta, non mollis sapien condimentum. Maecenas blandit purus ipsum, non gravida felis laoreet vitae. Duis elementum urna ac nibh gravida, faucibus suscipit nisi mollis. Cras velit magna, iaculis id velit nec, volutpat efficitur quam. Maecenas malesuada tempor rutrum. Mauris elit libero, imperdiet in metus non, rhoncus lacinia nulla. Aliquam iaculis bibendum ante, ac laoreet ex tincidunt a. Cras fringilla ipsum id fermentum tristique. Curabitur mattis lacinia dui sit amet scelerisque. Sed pellentesque eros massa, at tempus justo pulvinar ac. In dui tortor, tempor id molestie at, convallis vitae turpis. Nam sem justo, pellentesque ac iaculis eu, pellentesque in sapien.</p><p>Cras vehicula diam id tristique blandit. Pellentesque vestibulum in magna a maximus. Suspendisse congue vehicula libero, non vehicula velit ultrices sed. Nam sagittis lorem ut eros sollicitudin convallis. Morbi finibus varius commodo. In volutpat lorem a sagittis venenatis. Nunc et tempus elit. Praesent lacus orci, egestas eu tellus et, ultricies vehicula sem. Morbi ac mollis lectus.</p><p>Donec scelerisque lacus ac libero hendrerit venenatis. Donec in felis a est ornare malesuada in id augue. Vivamus at tortor ut purus luctus tempor ac id ligula. Vivamus suscipit odio justo, vitae ornare leo feugiat at. Sed in justo mauris. Mauris venenatis pharetra magna eget placerat. Pellentesque habitant morbi tristique senectus et netus et malesuada fames ac turpis egestas. Sed non ligula eu diam tristique semper semper ut risus. Praesent nec porta augue, sed dapibus elit. Nam vulputate tortor sem, tempor euismod tellus dictum at. Etiam a pretium dui. Pellentesque quis venenatis nulla. Nullam eu commodo lacus. Sed leo sem, volutpat sit amet ipsum tincidunt, consectetur volutpat ante. Maecenas sit amet nulla neque.</p><p>Phasellus dignissim lacus sit amet neque viverra, quis tempor dui fringilla. Suspendisse eget augue feugiat, condimentum ante in, blandit nulla. Class aptent taciti sociosqu ad litora torquent per conubia nostra, per inceptos himenaeos. Etiam sed luctus lectus. Vestibulum in nunc vehicula, tincidunt sem vel, venenatis lectus. Aenean varius mi vel sem gravida, id consequat nisl molestie. In et malesuada nunc, lacinia porttitor lacus. Proin luctus orci ac maximus rhoncus. Donec tincidunt vestibulum augue, eu fringilla lectus. Sed viverra dolor ut massa egestas malesuada. Sed augue nulla, pharetra quis pellentesque vitae, malesuada nec lacus. Etiam convallis ipsum sed nunc volutpat dignissim. Donec ut pulvinar libero. Aenean nec neque id ligula congue egestas. Mauris nec ante tincidunt, vulputate velit vel, suscipit nulla.</p><p>Sed non blandit ligula. Aliquam a iaculis ipsum. Nulla eu nibh dictum quam luctus cursus eget eget lectus. Morbi luctus sed libero eu vehicula. Sed et lacus mi. Aliquam sed est vel nibh auctor luctus. Sed lacinia volutpat sem a convallis. Ut dapibus cursus efficitur. Suspendisse vel augue viverra, feugiat diam ultricies, vestibulum metus. Phasellus iaculis, neque sed consectetur accumsan, lectus urna sollicitudin felis, id blandit massa arcu ac elit. Sed malesuada elit vel imperdiet ullamcorper. Fusce dapibus eros scelerisque sem ornare interdum.</p>',1,21,'blog_images/hitesh-choudhary-pMnw5BSZYsA-unsplash_Emp7zBy.jpg',''),(8,'Java 1','2023-08-04','<p>Lorem ipsum dolor sit amet, consectetur adipiscing elit. Nam ut scelerisque ex. Integer a ipsum ante. Cras sit amet eros eu enim pretium imperdiet a faucibus turpis. Aenean ut sollicitudin erat. Donec eu vulputate mi. Morbi lacus lacus, tincidunt vitae interdum sit amet, semper eget lectus. Praesent mattis aliquam bibendum. Integer molestie venenatis arcu, non auctor mauris ornare in. Curabitur sagittis felis a sapien ultricies elementum.</p><p>Proin faucibus lacinia lacus, eget fringilla purus maximus at. Suspendisse hendrerit purus sollicitudin justo ultrices, ac porta mi luctus. Mauris ut blandit augue. Nullam vel ligula rhoncus sem laoreet auctor. Morbi at massa eget leo scelerisque ornare. In non magna eu risus interdum tincidunt. In vehicula nibh id egestas consequat. Phasellus varius lorem non risus lobortis sollicitudin. Curabitur tristique odio ut dui pharetra ullamcorper. Nam lorem velit, tristique quis maximus sit amet, ultrices nec tortor. In efficitur lacinia nisl in dapibus. Mauris eget elementum massa.</p><p>Sed id tortor sit amet turpis facilisis tempus. Duis quis leo pharetra, ullamcorper metus ac, vehicula nunc. Aenean id fermentum turpis, sit amet finibus dolor. Morbi nunc augue, vehicula a porttitor faucibus, cursus sit amet quam. Aliquam quis aliquam lacus. Mauris nec elit metus. Aliquam consectetur ex erat. Pellentesque placerat condimentum dui, vitae porttitor turpis tincidunt in. Vestibulum quis fringilla nisi.</p><p>Nulla eleifend sodales turpis non posuere. Nulla elementum nisi ex, ut consequat mauris volutpat id. Proin sed molestie enim. Maecenas mattis eu lorem quis aliquam. Phasellus pulvinar malesuada commodo. Aliquam at est mi. Vivamus fermentum a justo non sodales. Praesent tempus lacus sed velit pellentesque elementum. Quisque consequat tincidunt dictum. Vivamus dapibus, erat id bibendum sodales, quam leo dictum nibh, nec blandit ante leo a neque. Praesent non orci dolor.</p><p>Etiam sagittis tempus orci, nec tempor velit accumsan id. Proin auctor dolor quis dui lobortis ultrices. Maecenas nec cursus eros. Nunc malesuada, arcu dictum ornare lacinia, dui arcu condimentum tortor, id facilisis dui enim ac magna. Ut ullamcorper urna vitae neque fermentum, a porttitor dolor accumsan. Fusce aliquam est lacus, consectetur feugiat diam sodales eget. Nullam eu nisi pellentesque, dictum metus ut, consectetur ex. Pellentesque enim urna, vulputate vel pellentesque at, varius eu sem.</p><p>Duis hendrerit convallis risus at euismod. Suspendisse potenti. Integer sed dolor interdum, blandit lorem sit amet, sodales enim. Integer mollis lectus ut libero porta, non mollis sapien condimentum. Maecenas blandit purus ipsum, non gravida felis laoreet vitae. Duis elementum urna ac nibh gravida, faucibus suscipit nisi mollis. Cras velit magna, iaculis id velit nec, volutpat efficitur quam. Maecenas malesuada tempor rutrum. Mauris elit libero, imperdiet in metus non, rhoncus lacinia nulla. Aliquam iaculis bibendum ante, ac laoreet ex tincidunt a. Cras fringilla ipsum id fermentum tristique. Curabitur mattis lacinia dui sit amet scelerisque. Sed pellentesque eros massa, at tempus justo pulvinar ac. In dui tortor, tempor id molestie at, convallis vitae turpis. Nam sem justo, pellentesque ac iaculis eu, pellentesque in sapien.</p><p>Cras vehicula diam id tristique blandit. Pellentesque vestibulum in magna a maximus. Suspendisse congue vehicula libero, non vehicula velit ultrices sed. Nam sagittis lorem ut eros sollicitudin convallis. Morbi finibus varius commodo. In volutpat lorem a sagittis venenatis. Nunc et tempus elit. Praesent lacus orci, egestas eu tellus et, ultricies vehicula sem. Morbi ac mollis lectus.</p><p>Donec scelerisque lacus ac libero hendrerit venenatis. Donec in felis a est ornare malesuada in id augue. Vivamus at tortor ut purus luctus tempor ac id ligula. Vivamus suscipit odio justo, vitae ornare leo feugiat at. Sed in justo mauris. Mauris venenatis pharetra magna eget placerat. Pellentesque habitant morbi tristique senectus et netus et malesuada fames ac turpis egestas. Sed non ligula eu diam tristique semper semper ut risus. Praesent nec porta augue, sed dapibus elit. Nam vulputate tortor sem, tempor euismod tellus dictum at. Etiam a pretium dui. Pellentesque quis venenatis nulla. Nullam eu commodo lacus. Sed leo sem, volutpat sit amet ipsum tincidunt, consectetur volutpat ante. Maecenas sit amet nulla neque.</p><p>Phasellus dignissim lacus sit amet neque viverra, quis tempor dui fringilla. Suspendisse eget augue feugiat, condimentum ante in, blandit nulla. Class aptent taciti sociosqu ad litora torquent per conubia nostra, per inceptos himenaeos. Etiam sed luctus lectus. Vestibulum in nunc vehicula, tincidunt sem vel, venenatis lectus. Aenean varius mi vel sem gravida, id consequat nisl molestie. In et malesuada nunc, lacinia porttitor lacus. Proin luctus orci ac maximus rhoncus. Donec tincidunt vestibulum augue, eu fringilla lectus. Sed viverra dolor ut massa egestas malesuada. Sed augue nulla, pharetra quis pellentesque vitae, malesuada nec lacus. Etiam convallis ipsum sed nunc volutpat dignissim. Donec ut pulvinar libero. Aenean nec neque id ligula congue egestas. Mauris nec ante tincidunt, vulputate velit vel, suscipit nulla.</p><p>Sed non blandit ligula. Aliquam a iaculis ipsum. Nulla eu nibh dictum quam luctus cursus eget eget lectus. Morbi luctus sed libero eu vehicula. Sed et lacus mi. Aliquam sed est vel nibh auctor luctus. Sed lacinia volutpat sem a convallis. Ut dapibus cursus efficitur. Suspendisse vel augue viverra, feugiat diam ultricies, vestibulum metus. Phasellus iaculis, neque sed consectetur accumsan, lectus urna sollicitudin felis, id blandit massa arcu ac elit. Sed malesuada elit vel imperdiet ullamcorper. Fusce dapibus eros scelerisque sem ornare interdum.</p>',1,21,'blog_images/ben-griffiths-Bj6ENZDMSDY-unsplash_1_YDIHNVD.jpg',''),(9,'Java 2','2023-08-11','<p>Lorem ipsum dolor sit amet, consectetur adipiscing elit. Nam ut scelerisque ex. Integer a ipsum ante. Cras sit amet eros eu enim pretium imperdiet a faucibus turpis. Aenean ut sollicitudin erat. Donec eu vulputate mi. Morbi lacus lacus, tincidunt vitae interdum sit amet, semper eget lectus. Praesent mattis aliquam bibendum. Integer molestie venenatis arcu, non auctor mauris ornare in. Curabitur sagittis felis a sapien ultricies elementum.</p><p>Proin faucibus lacinia lacus, eget fringilla purus maximus at. Suspendisse hendrerit purus sollicitudin justo ultrices, ac porta mi luctus. Mauris ut blandit augue. Nullam vel ligula rhoncus sem laoreet auctor. Morbi at massa eget leo scelerisque ornare. In non magna eu risus interdum tincidunt. In vehicula nibh id egestas consequat. Phasellus varius lorem non risus lobortis sollicitudin. Curabitur tristique odio ut dui pharetra ullamcorper. Nam lorem velit, tristique quis maximus sit amet, ultrices nec tortor. In efficitur lacinia nisl in dapibus. Mauris eget elementum massa.</p><p>Sed id tortor sit amet turpis facilisis tempus. Duis quis leo pharetra, ullamcorper metus ac, vehicula nunc. Aenean id fermentum turpis, sit amet finibus dolor. Morbi nunc augue, vehicula a porttitor faucibus, cursus sit amet quam. Aliquam quis aliquam lacus. Mauris nec elit metus. Aliquam consectetur ex erat. Pellentesque placerat condimentum dui, vitae porttitor turpis tincidunt in. Vestibulum quis fringilla nisi.</p><p>Nulla eleifend sodales turpis non posuere. Nulla elementum nisi ex, ut consequat mauris volutpat id. Proin sed molestie enim. Maecenas mattis eu lorem quis aliquam. Phasellus pulvinar malesuada commodo. Aliquam at est mi. Vivamus fermentum a justo non sodales. Praesent tempus lacus sed velit pellentesque elementum. Quisque consequat tincidunt dictum. Vivamus dapibus, erat id bibendum sodales, quam leo dictum nibh, nec blandit ante leo a neque. Praesent non orci dolor.</p><p>Etiam sagittis tempus orci, nec tempor velit accumsan id. Proin auctor dolor quis dui lobortis ultrices. Maecenas nec cursus eros. Nunc malesuada, arcu dictum ornare lacinia, dui arcu condimentum tortor, id facilisis dui enim ac magna. Ut ullamcorper urna vitae neque fermentum, a porttitor dolor accumsan. Fusce aliquam est lacus, consectetur feugiat diam sodales eget. Nullam eu nisi pellentesque, dictum metus ut, consectetur ex. Pellentesque enim urna, vulputate vel pellentesque at, varius eu sem.</p><p>Duis hendrerit convallis risus at euismod. Suspendisse potenti. Integer sed dolor interdum, blandit lorem sit amet, sodales enim. Integer mollis lectus ut libero porta, non mollis sapien condimentum. Maecenas blandit purus ipsum, non gravida felis laoreet vitae. Duis elementum urna ac nibh gravida, faucibus suscipit nisi mollis. Cras velit magna, iaculis id velit nec, volutpat efficitur quam. Maecenas malesuada tempor rutrum. Mauris elit libero, imperdiet in metus non, rhoncus lacinia nulla. Aliquam iaculis bibendum ante, ac laoreet ex tincidunt a. Cras fringilla ipsum id fermentum tristique. Curabitur mattis lacinia dui sit amet scelerisque. Sed pellentesque eros massa, at tempus justo pulvinar ac. In dui tortor, tempor id molestie at, convallis vitae turpis. Nam sem justo, pellentesque ac iaculis eu, pellentesque in sapien.</p><p>Cras vehicula diam id tristique blandit. Pellentesque vestibulum in magna a maximus. Suspendisse congue vehicula libero, non vehicula velit ultrices sed. Nam sagittis lorem ut eros sollicitudin convallis. Morbi finibus varius commodo. In volutpat lorem a sagittis venenatis. Nunc et tempus elit. Praesent lacus orci, egestas eu tellus et, ultricies vehicula sem. Morbi ac mollis lectus.</p><p>Donec scelerisque lacus ac libero hendrerit venenatis. Donec in felis a est ornare malesuada in id augue. Vivamus at tortor ut purus luctus tempor ac id ligula. Vivamus suscipit odio justo, vitae ornare leo feugiat at. Sed in justo mauris. Mauris venenatis pharetra magna eget placerat. Pellentesque habitant morbi tristique senectus et netus et malesuada fames ac turpis egestas. Sed non ligula eu diam tristique semper semper ut risus. Praesent nec porta augue, sed dapibus elit. Nam vulputate tortor sem, tempor euismod tellus dictum at. Etiam a pretium dui. Pellentesque quis venenatis nulla. Nullam eu commodo lacus. Sed leo sem, volutpat sit amet ipsum tincidunt, consectetur volutpat ante. Maecenas sit amet nulla neque.</p><p>Phasellus dignissim lacus sit amet neque viverra, quis tempor dui fringilla. Suspendisse eget augue feugiat, condimentum ante in, blandit nulla. Class aptent taciti sociosqu ad litora torquent per conubia nostra, per inceptos himenaeos. Etiam sed luctus lectus. Vestibulum in nunc vehicula, tincidunt sem vel, venenatis lectus. Aenean varius mi vel sem gravida, id consequat nisl molestie. In et malesuada nunc, lacinia porttitor lacus. Proin luctus orci ac maximus rhoncus. Donec tincidunt vestibulum augue, eu fringilla lectus. Sed viverra dolor ut massa egestas malesuada. Sed augue nulla, pharetra quis pellentesque vitae, malesuada nec lacus. Etiam convallis ipsum sed nunc volutpat dignissim. Donec ut pulvinar libero. Aenean nec neque id ligula congue egestas. Mauris nec ante tincidunt, vulputate velit vel, suscipit nulla.</p><p>Sed non blandit ligula. Aliquam a iaculis ipsum. Nulla eu nibh dictum quam luctus cursus eget eget lectus. Morbi luctus sed libero eu vehicula. Sed et lacus mi. Aliquam sed est vel nibh auctor luctus. Sed lacinia volutpat sem a convallis. Ut dapibus cursus efficitur. Suspendisse vel augue viverra, feugiat diam ultricies, vestibulum metus. Phasellus iaculis, neque sed consectetur accumsan, lectus urna sollicitudin felis, id blandit massa arcu ac elit. Sed malesuada elit vel imperdiet ullamcorper. Fusce dapibus eros scelerisque sem ornare interdum.</p>',0,21,'blog_images/ben-griffiths-Bj6ENZDMSDY-unsplash_1_FWuRqZb.jpg',''),(10,'Java 3','2023-08-02','<p>Lorem ipsum dolor sit amet, consectetur adipiscing elit. Nam ut scelerisque ex. Integer a ipsum ante. Cras sit amet eros eu enim pretium imperdiet a faucibus turpis. Aenean ut sollicitudin erat. Donec eu vulputate mi. Morbi lacus lacus, tincidunt vitae interdum sit amet, semper eget lectus. Praesent mattis aliquam bibendum. Integer molestie venenatis arcu, non auctor mauris ornare in. Curabitur sagittis felis a sapien ultricies elementum.</p><p>Proin faucibus lacinia lacus, eget fringilla purus maximus at. Suspendisse hendrerit purus sollicitudin justo ultrices, ac porta mi luctus. Mauris ut blandit augue. Nullam vel ligula rhoncus sem laoreet auctor. Morbi at massa eget leo scelerisque ornare. In non magna eu risus interdum tincidunt. In vehicula nibh id egestas consequat. Phasellus varius lorem non risus lobortis sollicitudin. Curabitur tristique odio ut dui pharetra ullamcorper. Nam lorem velit, tristique quis maximus sit amet, ultrices nec tortor. In efficitur lacinia nisl in dapibus. Mauris eget elementum massa.</p><p>Sed id tortor sit amet turpis facilisis tempus. Duis quis leo pharetra, ullamcorper metus ac, vehicula nunc. Aenean id fermentum turpis, sit amet finibus dolor. Morbi nunc augue, vehicula a porttitor faucibus, cursus sit amet quam. Aliquam quis aliquam lacus. Mauris nec elit metus. Aliquam consectetur ex erat. Pellentesque placerat condimentum dui, vitae porttitor turpis tincidunt in. Vestibulum quis fringilla nisi.</p><p>Nulla eleifend sodales turpis non posuere. Nulla elementum nisi ex, ut consequat mauris volutpat id. Proin sed molestie enim. Maecenas mattis eu lorem quis aliquam. Phasellus pulvinar malesuada commodo. Aliquam at est mi. Vivamus fermentum a justo non sodales. Praesent tempus lacus sed velit pellentesque elementum. Quisque consequat tincidunt dictum. Vivamus dapibus, erat id bibendum sodales, quam leo dictum nibh, nec blandit ante leo a neque. Praesent non orci dolor.</p><p>Etiam sagittis tempus orci, nec tempor velit accumsan id. Proin auctor dolor quis dui lobortis ultrices. Maecenas nec cursus eros. Nunc malesuada, arcu dictum ornare lacinia, dui arcu condimentum tortor, id facilisis dui enim ac magna. Ut ullamcorper urna vitae neque fermentum, a porttitor dolor accumsan. Fusce aliquam est lacus, consectetur feugiat diam sodales eget. Nullam eu nisi pellentesque, dictum metus ut, consectetur ex. Pellentesque enim urna, vulputate vel pellentesque at, varius eu sem.</p><p>Duis hendrerit convallis risus at euismod. Suspendisse potenti. Integer sed dolor interdum, blandit lorem sit amet, sodales enim. Integer mollis lectus ut libero porta, non mollis sapien condimentum. Maecenas blandit purus ipsum, non gravida felis laoreet vitae. Duis elementum urna ac nibh gravida, faucibus suscipit nisi mollis. Cras velit magna, iaculis id velit nec, volutpat efficitur quam. Maecenas malesuada tempor rutrum. Mauris elit libero, imperdiet in metus non, rhoncus lacinia nulla. Aliquam iaculis bibendum ante, ac laoreet ex tincidunt a. Cras fringilla ipsum id fermentum tristique. Curabitur mattis lacinia dui sit amet scelerisque. Sed pellentesque eros massa, at tempus justo pulvinar ac. In dui tortor, tempor id molestie at, convallis vitae turpis. Nam sem justo, pellentesque ac iaculis eu, pellentesque in sapien.</p><p>Cras vehicula diam id tristique blandit. Pellentesque vestibulum in magna a maximus. Suspendisse congue vehicula libero, non vehicula velit ultrices sed. Nam sagittis lorem ut eros sollicitudin convallis. Morbi finibus varius commodo. In volutpat lorem a sagittis venenatis. Nunc et tempus elit. Praesent lacus orci, egestas eu tellus et, ultricies vehicula sem. Morbi ac mollis lectus.</p><p>Donec scelerisque lacus ac libero hendrerit venenatis. Donec in felis a est ornare malesuada in id augue. Vivamus at tortor ut purus luctus tempor ac id ligula. Vivamus suscipit odio justo, vitae ornare leo feugiat at. Sed in justo mauris. Mauris venenatis pharetra magna eget placerat. Pellentesque habitant morbi tristique senectus et netus et malesuada fames ac turpis egestas. Sed non ligula eu diam tristique semper semper ut risus. Praesent nec porta augue, sed dapibus elit. Nam vulputate tortor sem, tempor euismod tellus dictum at. Etiam a pretium dui. Pellentesque quis venenatis nulla. Nullam eu commodo lacus. Sed leo sem, volutpat sit amet ipsum tincidunt, consectetur volutpat ante. Maecenas sit amet nulla neque.</p><p>Phasellus dignissim lacus sit amet neque viverra, quis tempor dui fringilla. Suspendisse eget augue feugiat, condimentum ante in, blandit nulla. Class aptent taciti sociosqu ad litora torquent per conubia nostra, per inceptos himenaeos. Etiam sed luctus lectus. Vestibulum in nunc vehicula, tincidunt sem vel, venenatis lectus. Aenean varius mi vel sem gravida, id consequat nisl molestie. In et malesuada nunc, lacinia porttitor lacus. Proin luctus orci ac maximus rhoncus. Donec tincidunt vestibulum augue, eu fringilla lectus. Sed viverra dolor ut massa egestas malesuada. Sed augue nulla, pharetra quis pellentesque vitae, malesuada nec lacus. Etiam convallis ipsum sed nunc volutpat dignissim. Donec ut pulvinar libero. Aenean nec neque id ligula congue egestas. Mauris nec ante tincidunt, vulputate velit vel, suscipit nulla.</p><p>Sed non blandit ligula. Aliquam a iaculis ipsum. Nulla eu nibh dictum quam luctus cursus eget eget lectus. Morbi luctus sed libero eu vehicula. Sed et lacus mi. Aliquam sed est vel nibh auctor luctus. Sed lacinia volutpat sem a convallis. Ut dapibus cursus efficitur. Suspendisse vel augue viverra, feugiat diam ultricies, vestibulum metus. Phasellus iaculis, neque sed consectetur accumsan, lectus urna sollicitudin felis, id blandit massa arcu ac elit. Sed malesuada elit vel imperdiet ullamcorper. Fusce dapibus eros scelerisque sem ornare interdum.</p>',1,21,'blog_images/kobu-agency-67L18R4tW_w-unsplash_Mo89zJe.jpg',''),(11,'Web Design 1','2023-08-03','<p>Lorem ipsum dolor sit amet, consectetur adipiscing elit. Nam ut scelerisque ex. Integer a ipsum ante. Cras sit amet eros eu enim pretium imperdiet a faucibus turpis. Aenean ut sollicitudin erat. Donec eu vulputate mi. Morbi lacus lacus, tincidunt vitae interdum sit amet, semper eget lectus. Praesent mattis aliquam bibendum. Integer molestie venenatis arcu, non auctor mauris ornare in. Curabitur sagittis felis a sapien ultricies elementum.</p><p>Proin faucibus lacinia lacus, eget fringilla purus maximus at. Suspendisse hendrerit purus sollicitudin justo ultrices, ac porta mi luctus. Mauris ut blandit augue. Nullam vel ligula rhoncus sem laoreet auctor. Morbi at massa eget leo scelerisque ornare. In non magna eu risus interdum tincidunt. In vehicula nibh id egestas consequat. Phasellus varius lorem non risus lobortis sollicitudin. Curabitur tristique odio ut dui pharetra ullamcorper. Nam lorem velit, tristique quis maximus sit amet, ultrices nec tortor. In efficitur lacinia nisl in dapibus. Mauris eget elementum massa.</p><p>Sed id tortor sit amet turpis facilisis tempus. Duis quis leo pharetra, ullamcorper metus ac, vehicula nunc. Aenean id fermentum turpis, sit amet finibus dolor. Morbi nunc augue, vehicula a porttitor faucibus, cursus sit amet quam. Aliquam quis aliquam lacus. Mauris nec elit metus. Aliquam consectetur ex erat. Pellentesque placerat condimentum dui, vitae porttitor turpis tincidunt in. Vestibulum quis fringilla nisi.</p><p>Nulla eleifend sodales turpis non posuere. Nulla elementum nisi ex, ut consequat mauris volutpat id. Proin sed molestie enim. Maecenas mattis eu lorem quis aliquam. Phasellus pulvinar malesuada commodo. Aliquam at est mi. Vivamus fermentum a justo non sodales. Praesent tempus lacus sed velit pellentesque elementum. Quisque consequat tincidunt dictum. Vivamus dapibus, erat id bibendum sodales, quam leo dictum nibh, nec blandit ante leo a neque. Praesent non orci dolor.</p><p>Etiam sagittis tempus orci, nec tempor velit accumsan id. Proin auctor dolor quis dui lobortis ultrices. Maecenas nec cursus eros. Nunc malesuada, arcu dictum ornare lacinia, dui arcu condimentum tortor, id facilisis dui enim ac magna. Ut ullamcorper urna vitae neque fermentum, a porttitor dolor accumsan. Fusce aliquam est lacus, consectetur feugiat diam sodales eget. Nullam eu nisi pellentesque, dictum metus ut, consectetur ex. Pellentesque enim urna, vulputate vel pellentesque at, varius eu sem.</p><p>Duis hendrerit convallis risus at euismod. Suspendisse potenti. Integer sed dolor interdum, blandit lorem sit amet, sodales enim. Integer mollis lectus ut libero porta, non mollis sapien condimentum. Maecenas blandit purus ipsum, non gravida felis laoreet vitae. Duis elementum urna ac nibh gravida, faucibus suscipit nisi mollis. Cras velit magna, iaculis id velit nec, volutpat efficitur quam. Maecenas malesuada tempor rutrum. Mauris elit libero, imperdiet in metus non, rhoncus lacinia nulla. Aliquam iaculis bibendum ante, ac laoreet ex tincidunt a. Cras fringilla ipsum id fermentum tristique. Curabitur mattis lacinia dui sit amet scelerisque. Sed pellentesque eros massa, at tempus justo pulvinar ac. In dui tortor, tempor id molestie at, convallis vitae turpis. Nam sem justo, pellentesque ac iaculis eu, pellentesque in sapien.</p><p>Cras vehicula diam id tristique blandit. Pellentesque vestibulum in magna a maximus. Suspendisse congue vehicula libero, non vehicula velit ultrices sed. Nam sagittis lorem ut eros sollicitudin convallis. Morbi finibus varius commodo. In volutpat lorem a sagittis venenatis. Nunc et tempus elit. Praesent lacus orci, egestas eu tellus et, ultricies vehicula sem. Morbi ac mollis lectus.</p><p>Donec scelerisque lacus ac libero hendrerit venenatis. Donec in felis a est ornare malesuada in id augue. Vivamus at tortor ut purus luctus tempor ac id ligula. Vivamus suscipit odio justo, vitae ornare leo feugiat at. Sed in justo mauris. Mauris venenatis pharetra magna eget placerat. Pellentesque habitant morbi tristique senectus et netus et malesuada fames ac turpis egestas. Sed non ligula eu diam tristique semper semper ut risus. Praesent nec porta augue, sed dapibus elit. Nam vulputate tortor sem, tempor euismod tellus dictum at. Etiam a pretium dui. Pellentesque quis venenatis nulla. Nullam eu commodo lacus. Sed leo sem, volutpat sit amet ipsum tincidunt, consectetur volutpat ante. Maecenas sit amet nulla neque.</p><p>Phasellus dignissim lacus sit amet neque viverra, quis tempor dui fringilla. Suspendisse eget augue feugiat, condimentum ante in, blandit nulla. Class aptent taciti sociosqu ad litora torquent per conubia nostra, per inceptos himenaeos. Etiam sed luctus lectus. Vestibulum in nunc vehicula, tincidunt sem vel, venenatis lectus. Aenean varius mi vel sem gravida, id consequat nisl molestie. In et malesuada nunc, lacinia porttitor lacus. Proin luctus orci ac maximus rhoncus. Donec tincidunt vestibulum augue, eu fringilla lectus. Sed viverra dolor ut massa egestas malesuada. Sed augue nulla, pharetra quis pellentesque vitae, malesuada nec lacus. Etiam convallis ipsum sed nunc volutpat dignissim. Donec ut pulvinar libero. Aenean nec neque id ligula congue egestas. Mauris nec ante tincidunt, vulputate velit vel, suscipit nulla.</p><p>Sed non blandit ligula. Aliquam a iaculis ipsum. Nulla eu nibh dictum quam luctus cursus eget eget lectus. Morbi luctus sed libero eu vehicula. Sed et lacus mi. Aliquam sed est vel nibh auctor luctus. Sed lacinia volutpat sem a convallis. Ut dapibus cursus efficitur. Suspendisse vel augue viverra, feugiat diam ultricies, vestibulum metus. Phasellus iaculis, neque sed consectetur accumsan, lectus urna sollicitudin felis, id blandit massa arcu ac elit. Sed malesuada elit vel imperdiet ullamcorper. Fusce dapibus eros scelerisque sem ornare interdum.</p>',1,21,'blog_images/kobu-agency-67L18R4tW_w-unsplash_Zt9VwPp.jpg',''),(12,'Web Design 2','2023-08-03','<p>Lorem ipsum dolor sit amet, consectetur adipiscing elit. Nam ut scelerisque ex. Integer a ipsum ante. Cras sit amet eros eu enim pretium imperdiet a faucibus turpis. Aenean ut sollicitudin erat. Donec eu vulputate mi. Morbi lacus lacus, tincidunt vitae interdum sit amet, semper eget lectus. Praesent mattis aliquam bibendum. Integer molestie venenatis arcu, non auctor mauris ornare in. Curabitur sagittis felis a sapien ultricies elementum.</p><p>Proin faucibus lacinia lacus, eget fringilla purus maximus at. Suspendisse hendrerit purus sollicitudin justo ultrices, ac porta mi luctus. Mauris ut blandit augue. Nullam vel ligula rhoncus sem laoreet auctor. Morbi at massa eget leo scelerisque ornare. In non magna eu risus interdum tincidunt. In vehicula nibh id egestas consequat. Phasellus varius lorem non risus lobortis sollicitudin. Curabitur tristique odio ut dui pharetra ullamcorper. Nam lorem velit, tristique quis maximus sit amet, ultrices nec tortor. In efficitur lacinia nisl in dapibus. Mauris eget elementum massa.</p><p>Sed id tortor sit amet turpis facilisis tempus. Duis quis leo pharetra, ullamcorper metus ac, vehicula nunc. Aenean id fermentum turpis, sit amet finibus dolor. Morbi nunc augue, vehicula a porttitor faucibus, cursus sit amet quam. Aliquam quis aliquam lacus. Mauris nec elit metus. Aliquam consectetur ex erat. Pellentesque placerat condimentum dui, vitae porttitor turpis tincidunt in. Vestibulum quis fringilla nisi.</p><p>Nulla eleifend sodales turpis non posuere. Nulla elementum nisi ex, ut consequat mauris volutpat id. Proin sed molestie enim. Maecenas mattis eu lorem quis aliquam. Phasellus pulvinar malesuada commodo. Aliquam at est mi. Vivamus fermentum a justo non sodales. Praesent tempus lacus sed velit pellentesque elementum. Quisque consequat tincidunt dictum. Vivamus dapibus, erat id bibendum sodales, quam leo dictum nibh, nec blandit ante leo a neque. Praesent non orci dolor.</p><p>Etiam sagittis tempus orci, nec tempor velit accumsan id. Proin auctor dolor quis dui lobortis ultrices. Maecenas nec cursus eros. Nunc malesuada, arcu dictum ornare lacinia, dui arcu condimentum tortor, id facilisis dui enim ac magna. Ut ullamcorper urna vitae neque fermentum, a porttitor dolor accumsan. Fusce aliquam est lacus, consectetur feugiat diam sodales eget. Nullam eu nisi pellentesque, dictum metus ut, consectetur ex. Pellentesque enim urna, vulputate vel pellentesque at, varius eu sem.</p><p>Duis hendrerit convallis risus at euismod. Suspendisse potenti. Integer sed dolor interdum, blandit lorem sit amet, sodales enim. Integer mollis lectus ut libero porta, non mollis sapien condimentum. Maecenas blandit purus ipsum, non gravida felis laoreet vitae. Duis elementum urna ac nibh gravida, faucibus suscipit nisi mollis. Cras velit magna, iaculis id velit nec, volutpat efficitur quam. Maecenas malesuada tempor rutrum. Mauris elit libero, imperdiet in metus non, rhoncus lacinia nulla. Aliquam iaculis bibendum ante, ac laoreet ex tincidunt a. Cras fringilla ipsum id fermentum tristique. Curabitur mattis lacinia dui sit amet scelerisque. Sed pellentesque eros massa, at tempus justo pulvinar ac. In dui tortor, tempor id molestie at, convallis vitae turpis. Nam sem justo, pellentesque ac iaculis eu, pellentesque in sapien.</p><p>Cras vehicula diam id tristique blandit. Pellentesque vestibulum in magna a maximus. Suspendisse congue vehicula libero, non vehicula velit ultrices sed. Nam sagittis lorem ut eros sollicitudin convallis. Morbi finibus varius commodo. In volutpat lorem a sagittis venenatis. Nunc et tempus elit. Praesent lacus orci, egestas eu tellus et, ultricies vehicula sem. Morbi ac mollis lectus.</p><p>Donec scelerisque lacus ac libero hendrerit venenatis. Donec in felis a est ornare malesuada in id augue. Vivamus at tortor ut purus luctus tempor ac id ligula. Vivamus suscipit odio justo, vitae ornare leo feugiat at. Sed in justo mauris. Mauris venenatis pharetra magna eget placerat. Pellentesque habitant morbi tristique senectus et netus et malesuada fames ac turpis egestas. Sed non ligula eu diam tristique semper semper ut risus. Praesent nec porta augue, sed dapibus elit. Nam vulputate tortor sem, tempor euismod tellus dictum at. Etiam a pretium dui. Pellentesque quis venenatis nulla. Nullam eu commodo lacus. Sed leo sem, volutpat sit amet ipsum tincidunt, consectetur volutpat ante. Maecenas sit amet nulla neque.</p><p>Phasellus dignissim lacus sit amet neque viverra, quis tempor dui fringilla. Suspendisse eget augue feugiat, condimentum ante in, blandit nulla. Class aptent taciti sociosqu ad litora torquent per conubia nostra, per inceptos himenaeos. Etiam sed luctus lectus. Vestibulum in nunc vehicula, tincidunt sem vel, venenatis lectus. Aenean varius mi vel sem gravida, id consequat nisl molestie. In et malesuada nunc, lacinia porttitor lacus. Proin luctus orci ac maximus rhoncus. Donec tincidunt vestibulum augue, eu fringilla lectus. Sed viverra dolor ut massa egestas malesuada. Sed augue nulla, pharetra quis pellentesque vitae, malesuada nec lacus. Etiam convallis ipsum sed nunc volutpat dignissim. Donec ut pulvinar libero. Aenean nec neque id ligula congue egestas. Mauris nec ante tincidunt, vulputate velit vel, suscipit nulla.</p><p>Sed non blandit ligula. Aliquam a iaculis ipsum. Nulla eu nibh dictum quam luctus cursus eget eget lectus. Morbi luctus sed libero eu vehicula. Sed et lacus mi. Aliquam sed est vel nibh auctor luctus. Sed lacinia volutpat sem a convallis. Ut dapibus cursus efficitur. Suspendisse vel augue viverra, feugiat diam ultricies, vestibulum metus. Phasellus iaculis, neque sed consectetur accumsan, lectus urna sollicitudin felis, id blandit massa arcu ac elit. Sed malesuada elit vel imperdiet ullamcorper. Fusce dapibus eros scelerisque sem ornare interdum.</p>',1,21,'blog_images/kobu-agency-67L18R4tW_w-unsplash_gqE7U0q.jpg',''),(13,'Wordpress 1','2023-08-03','<p>Lorem ipsum dolor sit amet, consectetur adipiscing elit. Nam ut scelerisque ex. Integer a ipsum ante. Cras sit amet eros eu enim pretium imperdiet a faucibus turpis. Aenean ut sollicitudin erat. Donec eu vulputate mi. Morbi lacus lacus, tincidunt vitae interdum sit amet, semper eget lectus. Praesent mattis aliquam bibendum. Integer molestie venenatis arcu, non auctor mauris ornare in. Curabitur sagittis felis a sapien ultricies elementum.</p><p>Proin faucibus lacinia lacus, eget fringilla purus maximus at. Suspendisse hendrerit purus sollicitudin justo ultrices, ac porta mi luctus. Mauris ut blandit augue. Nullam vel ligula rhoncus sem laoreet auctor. Morbi at massa eget leo scelerisque ornare. In non magna eu risus interdum tincidunt. In vehicula nibh id egestas consequat. Phasellus varius lorem non risus lobortis sollicitudin. Curabitur tristique odio ut dui pharetra ullamcorper. Nam lorem velit, tristique quis maximus sit amet, ultrices nec tortor. In efficitur lacinia nisl in dapibus. Mauris eget elementum massa.</p><p>Sed id tortor sit amet turpis facilisis tempus. Duis quis leo pharetra, ullamcorper metus ac, vehicula nunc. Aenean id fermentum turpis, sit amet finibus dolor. Morbi nunc augue, vehicula a porttitor faucibus, cursus sit amet quam. Aliquam quis aliquam lacus. Mauris nec elit metus. Aliquam consectetur ex erat. Pellentesque placerat condimentum dui, vitae porttitor turpis tincidunt in. Vestibulum quis fringilla nisi.</p><p>Nulla eleifend sodales turpis non posuere. Nulla elementum nisi ex, ut consequat mauris volutpat id. Proin sed molestie enim. Maecenas mattis eu lorem quis aliquam. Phasellus pulvinar malesuada commodo. Aliquam at est mi. Vivamus fermentum a justo non sodales. Praesent tempus lacus sed velit pellentesque elementum. Quisque consequat tincidunt dictum. Vivamus dapibus, erat id bibendum sodales, quam leo dictum nibh, nec blandit ante leo a neque. Praesent non orci dolor.</p><p>Etiam sagittis tempus orci, nec tempor velit accumsan id. Proin auctor dolor quis dui lobortis ultrices. Maecenas nec cursus eros. Nunc malesuada, arcu dictum ornare lacinia, dui arcu condimentum tortor, id facilisis dui enim ac magna. Ut ullamcorper urna vitae neque fermentum, a porttitor dolor accumsan. Fusce aliquam est lacus, consectetur feugiat diam sodales eget. Nullam eu nisi pellentesque, dictum metus ut, consectetur ex. Pellentesque enim urna, vulputate vel pellentesque at, varius eu sem.</p><p>Duis hendrerit convallis risus at euismod. Suspendisse potenti. Integer sed dolor interdum, blandit lorem sit amet, sodales enim. Integer mollis lectus ut libero porta, non mollis sapien condimentum. Maecenas blandit purus ipsum, non gravida felis laoreet vitae. Duis elementum urna ac nibh gravida, faucibus suscipit nisi mollis. Cras velit magna, iaculis id velit nec, volutpat efficitur quam. Maecenas malesuada tempor rutrum. Mauris elit libero, imperdiet in metus non, rhoncus lacinia nulla. Aliquam iaculis bibendum ante, ac laoreet ex tincidunt a. Cras fringilla ipsum id fermentum tristique. Curabitur mattis lacinia dui sit amet scelerisque. Sed pellentesque eros massa, at tempus justo pulvinar ac. In dui tortor, tempor id molestie at, convallis vitae turpis. Nam sem justo, pellentesque ac iaculis eu, pellentesque in sapien.</p><p>Cras vehicula diam id tristique blandit. Pellentesque vestibulum in magna a maximus. Suspendisse congue vehicula libero, non vehicula velit ultrices sed. Nam sagittis lorem ut eros sollicitudin convallis. Morbi finibus varius commodo. In volutpat lorem a sagittis venenatis. Nunc et tempus elit. Praesent lacus orci, egestas eu tellus et, ultricies vehicula sem. Morbi ac mollis lectus.</p><p>Donec scelerisque lacus ac libero hendrerit venenatis. Donec in felis a est ornare malesuada in id augue. Vivamus at tortor ut purus luctus tempor ac id ligula. Vivamus suscipit odio justo, vitae ornare leo feugiat at. Sed in justo mauris. Mauris venenatis pharetra magna eget placerat. Pellentesque habitant morbi tristique senectus et netus et malesuada fames ac turpis egestas. Sed non ligula eu diam tristique semper semper ut risus. Praesent nec porta augue, sed dapibus elit. Nam vulputate tortor sem, tempor euismod tellus dictum at. Etiam a pretium dui. Pellentesque quis venenatis nulla. Nullam eu commodo lacus. Sed leo sem, volutpat sit amet ipsum tincidunt, consectetur volutpat ante. Maecenas sit amet nulla neque.</p><p>Phasellus dignissim lacus sit amet neque viverra, quis tempor dui fringilla. Suspendisse eget augue feugiat, condimentum ante in, blandit nulla. Class aptent taciti sociosqu ad litora torquent per conubia nostra, per inceptos himenaeos. Etiam sed luctus lectus. Vestibulum in nunc vehicula, tincidunt sem vel, venenatis lectus. Aenean varius mi vel sem gravida, id consequat nisl molestie. In et malesuada nunc, lacinia porttitor lacus. Proin luctus orci ac maximus rhoncus. Donec tincidunt vestibulum augue, eu fringilla lectus. Sed viverra dolor ut massa egestas malesuada. Sed augue nulla, pharetra quis pellentesque vitae, malesuada nec lacus. Etiam convallis ipsum sed nunc volutpat dignissim. Donec ut pulvinar libero. Aenean nec neque id ligula congue egestas. Mauris nec ante tincidunt, vulputate velit vel, suscipit nulla.</p><p>Sed non blandit ligula. Aliquam a iaculis ipsum. Nulla eu nibh dictum quam luctus cursus eget eget lectus. Morbi luctus sed libero eu vehicula. Sed et lacus mi. Aliquam sed est vel nibh auctor luctus. Sed lacinia volutpat sem a convallis. Ut dapibus cursus efficitur. Suspendisse vel augue viverra, feugiat diam ultricies, vestibulum metus. Phasellus iaculis, neque sed consectetur accumsan, lectus urna sollicitudin felis, id blandit massa arcu ac elit. Sed malesuada elit vel imperdiet ullamcorper. Fusce dapibus eros scelerisque sem ornare interdum.</p>',0,21,'blog_images/kobu-agency-67L18R4tW_w-unsplash_bWkShmo.jpg',''),(14,'Wordpress 2','2023-08-03','<p>Lorem ipsum dolor sit amet, consectetur adipiscing elit. Nam ut scelerisque ex. Integer a ipsum ante. Cras sit amet eros eu enim pretium imperdiet a faucibus turpis. Aenean ut sollicitudin erat. Donec eu vulputate mi. Morbi lacus lacus, tincidunt vitae interdum sit amet, semper eget lectus. Praesent mattis aliquam bibendum. Integer molestie venenatis arcu, non auctor mauris ornare in. Curabitur sagittis felis a sapien ultricies elementum.</p><p>Proin faucibus lacinia lacus, eget fringilla purus maximus at. Suspendisse hendrerit purus sollicitudin justo ultrices, ac porta mi luctus. Mauris ut blandit augue. Nullam vel ligula rhoncus sem laoreet auctor. Morbi at massa eget leo scelerisque ornare. In non magna eu risus interdum tincidunt. In vehicula nibh id egestas consequat. Phasellus varius lorem non risus lobortis sollicitudin. Curabitur tristique odio ut dui pharetra ullamcorper. Nam lorem velit, tristique quis maximus sit amet, ultrices nec tortor. In efficitur lacinia nisl in dapibus. Mauris eget elementum massa.</p><p>Sed id tortor sit amet turpis facilisis tempus. Duis quis leo pharetra, ullamcorper metus ac, vehicula nunc. Aenean id fermentum turpis, sit amet finibus dolor. Morbi nunc augue, vehicula a porttitor faucibus, cursus sit amet quam. Aliquam quis aliquam lacus. Mauris nec elit metus. Aliquam consectetur ex erat. Pellentesque placerat condimentum dui, vitae porttitor turpis tincidunt in. Vestibulum quis fringilla nisi.</p><p>Nulla eleifend sodales turpis non posuere. Nulla elementum nisi ex, ut consequat mauris volutpat id. Proin sed molestie enim. Maecenas mattis eu lorem quis aliquam. Phasellus pulvinar malesuada commodo. Aliquam at est mi. Vivamus fermentum a justo non sodales. Praesent tempus lacus sed velit pellentesque elementum. Quisque consequat tincidunt dictum. Vivamus dapibus, erat id bibendum sodales, quam leo dictum nibh, nec blandit ante leo a neque. Praesent non orci dolor.</p><p>Etiam sagittis tempus orci, nec tempor velit accumsan id. Proin auctor dolor quis dui lobortis ultrices. Maecenas nec cursus eros. Nunc malesuada, arcu dictum ornare lacinia, dui arcu condimentum tortor, id facilisis dui enim ac magna. Ut ullamcorper urna vitae neque fermentum, a porttitor dolor accumsan. Fusce aliquam est lacus, consectetur feugiat diam sodales eget. Nullam eu nisi pellentesque, dictum metus ut, consectetur ex. Pellentesque enim urna, vulputate vel pellentesque at, varius eu sem.</p><p>Duis hendrerit convallis risus at euismod. Suspendisse potenti. Integer sed dolor interdum, blandit lorem sit amet, sodales enim. Integer mollis lectus ut libero porta, non mollis sapien condimentum. Maecenas blandit purus ipsum, non gravida felis laoreet vitae. Duis elementum urna ac nibh gravida, faucibus suscipit nisi mollis. Cras velit magna, iaculis id velit nec, volutpat efficitur quam. Maecenas malesuada tempor rutrum. Mauris elit libero, imperdiet in metus non, rhoncus lacinia nulla. Aliquam iaculis bibendum ante, ac laoreet ex tincidunt a. Cras fringilla ipsum id fermentum tristique. Curabitur mattis lacinia dui sit amet scelerisque. Sed pellentesque eros massa, at tempus justo pulvinar ac. In dui tortor, tempor id molestie at, convallis vitae turpis. Nam sem justo, pellentesque ac iaculis eu, pellentesque in sapien.</p><p>Cras vehicula diam id tristique blandit. Pellentesque vestibulum in magna a maximus. Suspendisse congue vehicula libero, non vehicula velit ultrices sed. Nam sagittis lorem ut eros sollicitudin convallis. Morbi finibus varius commodo. In volutpat lorem a sagittis venenatis. Nunc et tempus elit. Praesent lacus orci, egestas eu tellus et, ultricies vehicula sem. Morbi ac mollis lectus.</p><p>Donec scelerisque lacus ac libero hendrerit venenatis. Donec in felis a est ornare malesuada in id augue. Vivamus at tortor ut purus luctus tempor ac id ligula. Vivamus suscipit odio justo, vitae ornare leo feugiat at. Sed in justo mauris. Mauris venenatis pharetra magna eget placerat. Pellentesque habitant morbi tristique senectus et netus et malesuada fames ac turpis egestas. Sed non ligula eu diam tristique semper semper ut risus. Praesent nec porta augue, sed dapibus elit. Nam vulputate tortor sem, tempor euismod tellus dictum at. Etiam a pretium dui. Pellentesque quis venenatis nulla. Nullam eu commodo lacus. Sed leo sem, volutpat sit amet ipsum tincidunt, consectetur volutpat ante. Maecenas sit amet nulla neque.</p><p>Phasellus dignissim lacus sit amet neque viverra, quis tempor dui fringilla. Suspendisse eget augue feugiat, condimentum ante in, blandit nulla. Class aptent taciti sociosqu ad litora torquent per conubia nostra, per inceptos himenaeos. Etiam sed luctus lectus. Vestibulum in nunc vehicula, tincidunt sem vel, venenatis lectus. Aenean varius mi vel sem gravida, id consequat nisl molestie. In et malesuada nunc, lacinia porttitor lacus. Proin luctus orci ac maximus rhoncus. Donec tincidunt vestibulum augue, eu fringilla lectus. Sed viverra dolor ut massa egestas malesuada. Sed augue nulla, pharetra quis pellentesque vitae, malesuada nec lacus. Etiam convallis ipsum sed nunc volutpat dignissim. Donec ut pulvinar libero. Aenean nec neque id ligula congue egestas. Mauris nec ante tincidunt, vulputate velit vel, suscipit nulla.</p><p>Sed non blandit ligula. Aliquam a iaculis ipsum. Nulla eu nibh dictum quam luctus cursus eget eget lectus. Morbi luctus sed libero eu vehicula. Sed et lacus mi. Aliquam sed est vel nibh auctor luctus. Sed lacinia volutpat sem a convallis. Ut dapibus cursus efficitur. Suspendisse vel augue viverra, feugiat diam ultricies, vestibulum metus. Phasellus iaculis, neque sed consectetur accumsan, lectus urna sollicitudin felis, id blandit massa arcu ac elit. Sed malesuada elit vel imperdiet ullamcorper. Fusce dapibus eros scelerisque sem ornare interdum.</p>',0,21,'blog_images/hitesh-choudhary-pMnw5BSZYsA-unsplash_o87wOr1.jpg',''),(15,'Wordpress 4','2023-08-16','<p>Lorem ipsum dolor sit amet, consectetur adipiscing elit. Nam ut scelerisque ex. Integer a ipsum ante. Cras sit amet eros eu enim pretium imperdiet a faucibus turpis. Aenean ut sollicitudin erat. Donec eu vulputate mi. Morbi lacus lacus, tincidunt vitae interdum sit amet, semper eget lectus. Praesent mattis aliquam bibendum. Integer molestie venenatis arcu, non auctor mauris ornare in. Curabitur sagittis felis a sapien ultricies elementum.</p><p>Proin faucibus lacinia lacus, eget fringilla purus maximus at. Suspendisse hendrerit purus sollicitudin justo ultrices, ac porta mi luctus. Mauris ut blandit augue. Nullam vel ligula rhoncus sem laoreet auctor. Morbi at massa eget leo scelerisque ornare. In non magna eu risus interdum tincidunt. In vehicula nibh id egestas consequat. Phasellus varius lorem non risus lobortis sollicitudin. Curabitur tristique odio ut dui pharetra ullamcorper. Nam lorem velit, tristique quis maximus sit amet, ultrices nec tortor. In efficitur lacinia nisl in dapibus. Mauris eget elementum massa.</p><p>Sed id tortor sit amet turpis facilisis tempus. Duis quis leo pharetra, ullamcorper metus ac, vehicula nunc. Aenean id fermentum turpis, sit amet finibus dolor. Morbi nunc augue, vehicula a porttitor faucibus, cursus sit amet quam. Aliquam quis aliquam lacus. Mauris nec elit metus. Aliquam consectetur ex erat. Pellentesque placerat condimentum dui, vitae porttitor turpis tincidunt in. Vestibulum quis fringilla nisi.</p><p>Nulla eleifend sodales turpis non posuere. Nulla elementum nisi ex, ut consequat mauris volutpat id. Proin sed molestie enim. Maecenas mattis eu lorem quis aliquam. Phasellus pulvinar malesuada commodo. Aliquam at est mi. Vivamus fermentum a justo non sodales. Praesent tempus lacus sed velit pellentesque elementum. Quisque consequat tincidunt dictum. Vivamus dapibus, erat id bibendum sodales, quam leo dictum nibh, nec blandit ante leo a neque. Praesent non orci dolor.</p><p>Etiam sagittis tempus orci, nec tempor velit accumsan id. Proin auctor dolor quis dui lobortis ultrices. Maecenas nec cursus eros. Nunc malesuada, arcu dictum ornare lacinia, dui arcu condimentum tortor, id facilisis dui enim ac magna. Ut ullamcorper urna vitae neque fermentum, a porttitor dolor accumsan. Fusce aliquam est lacus, consectetur feugiat diam sodales eget. Nullam eu nisi pellentesque, dictum metus ut, consectetur ex. Pellentesque enim urna, vulputate vel pellentesque at, varius eu sem.</p><p>Duis hendrerit convallis risus at euismod. Suspendisse potenti. Integer sed dolor interdum, blandit lorem sit amet, sodales enim. Integer mollis lectus ut libero porta, non mollis sapien condimentum. Maecenas blandit purus ipsum, non gravida felis laoreet vitae. Duis elementum urna ac nibh gravida, faucibus suscipit nisi mollis. Cras velit magna, iaculis id velit nec, volutpat efficitur quam. Maecenas malesuada tempor rutrum. Mauris elit libero, imperdiet in metus non, rhoncus lacinia nulla. Aliquam iaculis bibendum ante, ac laoreet ex tincidunt a. Cras fringilla ipsum id fermentum tristique. Curabitur mattis lacinia dui sit amet scelerisque. Sed pellentesque eros massa, at tempus justo pulvinar ac. In dui tortor, tempor id molestie at, convallis vitae turpis. Nam sem justo, pellentesque ac iaculis eu, pellentesque in sapien.</p><p>Cras vehicula diam id tristique blandit. Pellentesque vestibulum in magna a maximus. Suspendisse congue vehicula libero, non vehicula velit ultrices sed. Nam sagittis lorem ut eros sollicitudin convallis. Morbi finibus varius commodo. In volutpat lorem a sagittis venenatis. Nunc et tempus elit. Praesent lacus orci, egestas eu tellus et, ultricies vehicula sem. Morbi ac mollis lectus.</p><p>Donec scelerisque lacus ac libero hendrerit venenatis. Donec in felis a est ornare malesuada in id augue. Vivamus at tortor ut purus luctus tempor ac id ligula. Vivamus suscipit odio justo, vitae ornare leo feugiat at. Sed in justo mauris. Mauris venenatis pharetra magna eget placerat. Pellentesque habitant morbi tristique senectus et netus et malesuada fames ac turpis egestas. Sed non ligula eu diam tristique semper semper ut risus. Praesent nec porta augue, sed dapibus elit. Nam vulputate tortor sem, tempor euismod tellus dictum at. Etiam a pretium dui. Pellentesque quis venenatis nulla. Nullam eu commodo lacus. Sed leo sem, volutpat sit amet ipsum tincidunt, consectetur volutpat ante. Maecenas sit amet nulla neque.</p><p>Phasellus dignissim lacus sit amet neque viverra, quis tempor dui fringilla. Suspendisse eget augue feugiat, condimentum ante in, blandit nulla. Class aptent taciti sociosqu ad litora torquent per conubia nostra, per inceptos himenaeos. Etiam sed luctus lectus. Vestibulum in nunc vehicula, tincidunt sem vel, venenatis lectus. Aenean varius mi vel sem gravida, id consequat nisl molestie. In et malesuada nunc, lacinia porttitor lacus. Proin luctus orci ac maximus rhoncus. Donec tincidunt vestibulum augue, eu fringilla lectus. Sed viverra dolor ut massa egestas malesuada. Sed augue nulla, pharetra quis pellentesque vitae, malesuada nec lacus. Etiam convallis ipsum sed nunc volutpat dignissim. Donec ut pulvinar libero. Aenean nec neque id ligula congue egestas. Mauris nec ante tincidunt, vulputate velit vel, suscipit nulla.</p><p>Sed non blandit ligula. Aliquam a iaculis ipsum. Nulla eu nibh dictum quam luctus cursus eget eget lectus. Morbi luctus sed libero eu vehicula. Sed et lacus mi. Aliquam sed est vel nibh auctor luctus. Sed lacinia volutpat sem a convallis. Ut dapibus cursus efficitur. Suspendisse vel augue viverra, feugiat diam ultricies, vestibulum metus. Phasellus iaculis, neque sed consectetur accumsan, lectus urna sollicitudin felis, id blandit massa arcu ac elit. Sed malesuada elit vel imperdiet ullamcorper. Fusce dapibus eros scelerisque sem ornare interdum.</p>',0,21,'blog_images/hitesh-choudhary-pMnw5BSZYsA-unsplash_c1UY5ee.jpg',''),(16,'Wordpress 5','2023-08-16','<p>Lorem ipsum dolor sit amet, consectetur adipiscing elit. Nam ut scelerisque ex. Integer a ipsum ante. Cras sit amet eros eu enim pretium imperdiet a faucibus turpis. Aenean ut sollicitudin erat. Donec eu vulputate mi. Morbi lacus lacus, tincidunt vitae interdum sit amet, semper eget lectus. Praesent mattis aliquam bibendum. Integer molestie venenatis arcu, non auctor mauris ornare in. Curabitur sagittis felis a sapien ultricies elementum.</p><p>Proin faucibus lacinia lacus, eget fringilla purus maximus at. Suspendisse hendrerit purus sollicitudin justo ultrices, ac porta mi luctus. Mauris ut blandit augue. Nullam vel ligula rhoncus sem laoreet auctor. Morbi at massa eget leo scelerisque ornare. In non magna eu risus interdum tincidunt. In vehicula nibh id egestas consequat. Phasellus varius lorem non risus lobortis sollicitudin. Curabitur tristique odio ut dui pharetra ullamcorper. Nam lorem velit, tristique quis maximus sit amet, ultrices nec tortor. In efficitur lacinia nisl in dapibus. Mauris eget elementum massa.</p><p>Sed id tortor sit amet turpis facilisis tempus. Duis quis leo pharetra, ullamcorper metus ac, vehicula nunc. Aenean id fermentum turpis, sit amet finibus dolor. Morbi nunc augue, vehicula a porttitor faucibus, cursus sit amet quam. Aliquam quis aliquam lacus. Mauris nec elit metus. Aliquam consectetur ex erat. Pellentesque placerat condimentum dui, vitae porttitor turpis tincidunt in. Vestibulum quis fringilla nisi.</p><p>Nulla eleifend sodales turpis non posuere. Nulla elementum nisi ex, ut consequat mauris volutpat id. Proin sed molestie enim. Maecenas mattis eu lorem quis aliquam. Phasellus pulvinar malesuada commodo. Aliquam at est mi. Vivamus fermentum a justo non sodales. Praesent tempus lacus sed velit pellentesque elementum. Quisque consequat tincidunt dictum. Vivamus dapibus, erat id bibendum sodales, quam leo dictum nibh, nec blandit ante leo a neque. Praesent non orci dolor.</p><p>Etiam sagittis tempus orci, nec tempor velit accumsan id. Proin auctor dolor quis dui lobortis ultrices. Maecenas nec cursus eros. Nunc malesuada, arcu dictum ornare lacinia, dui arcu condimentum tortor, id facilisis dui enim ac magna. Ut ullamcorper urna vitae neque fermentum, a porttitor dolor accumsan. Fusce aliquam est lacus, consectetur feugiat diam sodales eget. Nullam eu nisi pellentesque, dictum metus ut, consectetur ex. Pellentesque enim urna, vulputate vel pellentesque at, varius eu sem.</p><p>Duis hendrerit convallis risus at euismod. Suspendisse potenti. Integer sed dolor interdum, blandit lorem sit amet, sodales enim. Integer mollis lectus ut libero porta, non mollis sapien condimentum. Maecenas blandit purus ipsum, non gravida felis laoreet vitae. Duis elementum urna ac nibh gravida, faucibus suscipit nisi mollis. Cras velit magna, iaculis id velit nec, volutpat efficitur quam. Maecenas malesuada tempor rutrum. Mauris elit libero, imperdiet in metus non, rhoncus lacinia nulla. Aliquam iaculis bibendum ante, ac laoreet ex tincidunt a. Cras fringilla ipsum id fermentum tristique. Curabitur mattis lacinia dui sit amet scelerisque. Sed pellentesque eros massa, at tempus justo pulvinar ac. In dui tortor, tempor id molestie at, convallis vitae turpis. Nam sem justo, pellentesque ac iaculis eu, pellentesque in sapien.</p><p>Cras vehicula diam id tristique blandit. Pellentesque vestibulum in magna a maximus. Suspendisse congue vehicula libero, non vehicula velit ultrices sed. Nam sagittis lorem ut eros sollicitudin convallis. Morbi finibus varius commodo. In volutpat lorem a sagittis venenatis. Nunc et tempus elit. Praesent lacus orci, egestas eu tellus et, ultricies vehicula sem. Morbi ac mollis lectus.</p><p>Donec scelerisque lacus ac libero hendrerit venenatis. Donec in felis a est ornare malesuada in id augue. Vivamus at tortor ut purus luctus tempor ac id ligula. Vivamus suscipit odio justo, vitae ornare leo feugiat at. Sed in justo mauris. Mauris venenatis pharetra magna eget placerat. Pellentesque habitant morbi tristique senectus et netus et malesuada fames ac turpis egestas. Sed non ligula eu diam tristique semper semper ut risus. Praesent nec porta augue, sed dapibus elit. Nam vulputate tortor sem, tempor euismod tellus dictum at. Etiam a pretium dui. Pellentesque quis venenatis nulla. Nullam eu commodo lacus. Sed leo sem, volutpat sit amet ipsum tincidunt, consectetur volutpat ante. Maecenas sit amet nulla neque.</p><p>Phasellus dignissim lacus sit amet neque viverra, quis tempor dui fringilla. Suspendisse eget augue feugiat, condimentum ante in, blandit nulla. Class aptent taciti sociosqu ad litora torquent per conubia nostra, per inceptos himenaeos. Etiam sed luctus lectus. Vestibulum in nunc vehicula, tincidunt sem vel, venenatis lectus. Aenean varius mi vel sem gravida, id consequat nisl molestie. In et malesuada nunc, lacinia porttitor lacus. Proin luctus orci ac maximus rhoncus. Donec tincidunt vestibulum augue, eu fringilla lectus. Sed viverra dolor ut massa egestas malesuada. Sed augue nulla, pharetra quis pellentesque vitae, malesuada nec lacus. Etiam convallis ipsum sed nunc volutpat dignissim. Donec ut pulvinar libero. Aenean nec neque id ligula congue egestas. Mauris nec ante tincidunt, vulputate velit vel, suscipit nulla.</p><p>Sed non blandit ligula. Aliquam a iaculis ipsum. Nulla eu nibh dictum quam luctus cursus eget eget lectus. Morbi luctus sed libero eu vehicula. Sed et lacus mi. Aliquam sed est vel nibh auctor luctus. Sed lacinia volutpat sem a convallis. Ut dapibus cursus efficitur. Suspendisse vel augue viverra, feugiat diam ultricies, vestibulum metus. Phasellus iaculis, neque sed consectetur accumsan, lectus urna sollicitudin felis, id blandit massa arcu ac elit. Sed malesuada elit vel imperdiet ullamcorper. Fusce dapibus eros scelerisque sem ornare interdum.</p>',1,21,'blog_images/domenico-loia-EhTcC9sYXsw-unsplash.jpg',''),(17,'Sample Test','2023-08-04','<p><strong>Test Demo</strong></p>',0,21,'blog_images/mika-baumeister-J5yoGZLdpSI-unsplash_Sbspndw.jpg',''),(18,'Sample Test','2023-08-04','<p><strong>Test Demo</strong></p>',1,21,'blog_images/mika-baumeister-J5yoGZLdpSI-unsplash_yk8Zr1R.jpg',''),(19,'Sample Test','2023-08-04','<p><strong>Test Demo</strong></p>',0,21,'blog_images/mika-baumeister-J5yoGZLdpSI-unsplash_8nNPtgx.jpg',''),(20,'Test Sample','2023-08-03','<p>Test Demo Rock</p>',1,21,'blog_images/hitesh-choudhary-pMnw5BSZYsA-unsplash_9jpP9Gh.jpg',''),(21,'Test','2023-08-06','<p>Test</p>',1,1,'blog_images/kobu-agency-67L18R4tW_w-unsplash_lBrk1Cz.jpg','');
/*!40000 ALTER TABLE `blogs_blog` ENABLE KEYS */;
UNLOCK TABLES;

--
-- Table structure for table `blogs_blog_categories`
--

DROP TABLE IF EXISTS `blogs_blog_categories`;
/*!40101 SET @saved_cs_client     = @@character_set_client */;
/*!50503 SET character_set_client = utf8mb4 */;
CREATE TABLE `blogs_blog_categories` (
  `id` bigint NOT NULL AUTO_INCREMENT,
  `blog_id` bigint NOT NULL,
  `category_id` bigint NOT NULL,
  PRIMARY KEY (`id`),
  UNIQUE KEY `blogs_blog_categories_blog_id_category_id_0d7216e2_uniq` (`blog_id`,`category_id`),
  KEY `blogs_blog_categories_category_id_71aaa366_fk_blogs_category_id` (`category_id`),
  CONSTRAINT `blogs_blog_categories_blog_id_f5f0314d_fk_blogs_blog_id` FOREIGN KEY (`blog_id`) REFERENCES `blogs_blog` (`id`),
  CONSTRAINT `blogs_blog_categories_category_id_71aaa366_fk_blogs_category_id` FOREIGN KEY (`category_id`) REFERENCES `blogs_category` (`id`)
) ENGINE=InnoDB AUTO_INCREMENT=29 DEFAULT CHARSET=utf8mb4 COLLATE=utf8mb4_0900_ai_ci;
/*!40101 SET character_set_client = @saved_cs_client */;

--
-- Dumping data for table `blogs_blog_categories`
--

LOCK TABLES `blogs_blog_categories` WRITE;
/*!40000 ALTER TABLE `blogs_blog_categories` DISABLE KEYS */;
INSERT INTO `blogs_blog_categories` VALUES (5,3,4),(6,4,4),(7,5,4),(8,6,3),(9,7,3),(10,8,5),(11,9,5),(12,10,3),(13,10,5),(14,11,1),(15,12,1),(16,13,2),(17,13,4),(18,14,2),(19,14,4),(20,15,2),(21,15,4),(22,16,2),(23,16,4),(24,17,6),(25,18,6),(26,19,6),(27,20,2),(28,21,2);
/*!40000 ALTER TABLE `blogs_blog_categories` ENABLE KEYS */;
UNLOCK TABLES;

--
-- Table structure for table `blogs_category`
--

DROP TABLE IF EXISTS `blogs_category`;
/*!40101 SET @saved_cs_client     = @@character_set_client */;
/*!50503 SET character_set_client = utf8mb4 */;
CREATE TABLE `blogs_category` (
  `id` bigint NOT NULL AUTO_INCREMENT,
  `name` varchar(256) NOT NULL,
  `category_user_id` int NOT NULL,
  `category_image` varchar(100) NOT NULL,
  `description` longtext NOT NULL,
  PRIMARY KEY (`id`),
  KEY `blogs_category_category_user_id_2cb11628_fk_auth_user_id` (`category_user_id`),
  CONSTRAINT `blogs_category_category_user_id_2cb11628_fk_auth_user_id` FOREIGN KEY (`category_user_id`) REFERENCES `auth_user` (`id`)
) ENGINE=InnoDB AUTO_INCREMENT=7 DEFAULT CHARSET=utf8mb4 COLLATE=utf8mb4_0900_ai_ci;
/*!40101 SET character_set_client = @saved_cs_client */;

--
-- Dumping data for table `blogs_category`
--

LOCK TABLES `blogs_category` WRITE;
/*!40000 ALTER TABLE `blogs_category` DISABLE KEYS */;
INSERT INTO `blogs_category` VALUES (1,'Web Design',1,'category_images/4552605_adaptive_design_responsive_responsive_design_icon.png','Lorem Ipsum is simply dummy text of the printing and typesetting industry. Lorem Ipsum has been the industry\'s standard dummy text ever since the 1500s, when an unknown printer took a galley of type and scrambled it to make a type specimen book. It has survived not only five centuries, but also the leap into electronic typesetting, remaining essentially unchanged.'),(2,'Wordpress',1,'category_images/317716_cms_wordpress_blog_blogging_icon.png','Lorem Ipsum is simply dummy text of the printing and typesetting industry. Lorem Ipsum has been the industry\'s standard dummy text ever since the 1500s, when an unknown printer took a galley of type and scrambled it to make a type specimen book. It has survived not only five centuries, but also the leap into electronic typesetting, remaining essentially unchanged.'),(3,'Python',1,'category_images/4518857_python_icon.png','Lorem Ipsum is simply dummy text of the printing and typesetting industry. Lorem Ipsum has been the industry\'s standard dummy text ever since the 1500s, when an unknown printer took a galley of type and scrambled it to make a type specimen book. It has survived not only five centuries, but also the leap into electronic typesetting, remaining essentially unchanged.'),(4,'PHP',1,'category_images/1012812_code_development_logo_php_icon.png','Lorem Ipsum is simply dummy text of the printing and typesetting industry. Lorem Ipsum has been the industry\'s standard dummy text ever since the 1500s, when an unknown printer took a galley of type and scrambled it to make a type specimen book. It has survived not only five centuries, but also the leap into electronic typesetting, remaining essentially unchanged.'),(5,'Java',1,'category_images/4373217_java_logo_logos_icon.png','Lorem Ipsum is simply dummy text of the printing and typesetting industry. Lorem Ipsum has been the industry\'s standard dummy text ever since the 1500s, when an unknown printer took a galley of type and scrambled it to make a type specimen book. It has survived not only five centuries, but also the leap into electronic typesetting, remaining essentially unchanged.'),(6,'ReactJs',1,'category_images/7423888_react_react_native_icon.png','Lorem Ipsum is simply dummy text of the printing and typesetting industry. Lorem Ipsum has been the industry\'s standard dummy text ever since the 1500s, when an unknown printer took a galley of type and scrambled it to make a type specimen book. It has survived not only five centuries, but also the leap into electronic typesetting, remaining essentially unchanged.');
/*!40000 ALTER TABLE `blogs_category` ENABLE KEYS */;
UNLOCK TABLES;

--
-- Table structure for table `django_admin_log`
--

DROP TABLE IF EXISTS `django_admin_log`;
/*!40101 SET @saved_cs_client     = @@character_set_client */;
/*!50503 SET character_set_client = utf8mb4 */;
CREATE TABLE `django_admin_log` (
  `id` int NOT NULL AUTO_INCREMENT,
  `action_time` datetime(6) NOT NULL,
  `object_id` longtext,
  `object_repr` varchar(200) NOT NULL,
  `action_flag` smallint unsigned NOT NULL,
  `change_message` longtext NOT NULL,
  `content_type_id` int DEFAULT NULL,
  `user_id` int NOT NULL,
  PRIMARY KEY (`id`),
  KEY `django_admin_log_content_type_id_c4bce8eb_fk_django_co` (`content_type_id`),
  KEY `django_admin_log_user_id_c564eba6_fk_auth_user_id` (`user_id`),
  CONSTRAINT `django_admin_log_content_type_id_c4bce8eb_fk_django_co` FOREIGN KEY (`content_type_id`) REFERENCES `django_content_type` (`id`),
  CONSTRAINT `django_admin_log_user_id_c564eba6_fk_auth_user_id` FOREIGN KEY (`user_id`) REFERENCES `auth_user` (`id`),
  CONSTRAINT `django_admin_log_chk_1` CHECK ((`action_flag` >= 0))
) ENGINE=InnoDB AUTO_INCREMENT=111 DEFAULT CHARSET=utf8mb4 COLLATE=utf8mb4_0900_ai_ci;
/*!40101 SET character_set_client = @saved_cs_client */;

--
-- Dumping data for table `django_admin_log`
--

LOCK TABLES `django_admin_log` WRITE;
/*!40000 ALTER TABLE `django_admin_log` DISABLE KEYS */;
INSERT INTO `django_admin_log` VALUES (1,'2023-08-02 09:29:13.902797','1','rahul_demo',2,'[{\"changed\": {\"fields\": [\"Profile pic\"]}}]',7,1),(2,'2023-08-02 09:34:31.465001','5','rtfdsf',3,'',4,1),(3,'2023-08-02 09:34:41.992709','2','rahul_demo',3,'',4,1),(4,'2023-08-02 09:34:42.006483','4','sagar_demo',3,'',4,1),(5,'2023-08-02 09:34:42.015363','3','vishal_demo',3,'',4,1),(6,'2023-08-02 09:36:09.006530','5','rahul_demo',2,'[{\"changed\": {\"fields\": [\"Social link\"]}}]',7,1),(7,'2023-08-02 09:43:31.205544','7','sample_rock',3,'',4,1),(8,'2023-08-02 09:47:39.561473','8','dsfs',3,'',4,1),(9,'2023-08-03 07:01:34.346695','1','Web Design',1,'[{\"added\": {}}]',8,1),(10,'2023-08-03 07:01:49.593415','1','Web Design',2,'[]',8,1),(11,'2023-08-03 07:02:01.869991','2','Web Development',1,'[{\"added\": {}}]',8,1),(12,'2023-08-03 07:02:17.023099','3','UI / UX Design',1,'[{\"added\": {}}]',8,1),(13,'2023-08-03 07:02:33.618853','4','PHP Development',1,'[{\"added\": {}}]',8,1),(14,'2023-08-03 07:02:49.849066','5','Wordpress Development',1,'[{\"added\": {}}]',8,1),(15,'2023-08-03 07:03:19.227234','6','ReactJs Develpment',1,'[{\"added\": {}}]',8,1),(16,'2023-08-03 08:39:27.944111','6','ReactJs Develpment',2,'[{\"changed\": {\"fields\": [\"Service image\"]}}]',8,1),(17,'2023-08-03 08:40:00.198707','6','ReactJs Develpment',2,'[{\"changed\": {\"fields\": [\"Service image\"]}}]',8,1),(18,'2023-08-03 08:40:38.277951','6','ReactJs Develpment',2,'[{\"changed\": {\"fields\": [\"Service image\"]}}]',8,1),(19,'2023-08-03 08:41:32.641459','6','ReactJs Develpment',2,'[{\"changed\": {\"fields\": [\"Service image\"]}}]',8,1),(20,'2023-08-03 08:42:33.982583','6','ReactJs Develpment',2,'[]',8,1),(21,'2023-08-03 08:42:42.447074','4','PHP Development',2,'[{\"changed\": {\"fields\": [\"Service image\"]}}]',8,1),(22,'2023-08-03 08:43:24.628551','5','Wordpress Development',2,'[{\"changed\": {\"fields\": [\"Service image\"]}}]',8,1),(23,'2023-08-03 08:43:51.525866','3','UI / UX Design',2,'[{\"changed\": {\"fields\": [\"Service image\"]}}]',8,1),(24,'2023-08-03 08:44:46.285990','2','Web Development',2,'[{\"changed\": {\"fields\": [\"Service image\"]}}]',8,1),(25,'2023-08-03 08:45:27.710115','1','Web Design',2,'[{\"changed\": {\"fields\": [\"Service image\"]}}]',8,1),(26,'2023-08-03 08:52:22.413014','7','Service 1',1,'[{\"added\": {}}]',8,1),(27,'2023-08-03 08:52:38.666885','8','Service 2',1,'[{\"added\": {}}]',8,1),(28,'2023-08-03 08:52:51.161164','9','Service 3',1,'[{\"added\": {}}]',8,1),(29,'2023-08-03 08:53:04.013849','10','Service 4',1,'[{\"added\": {}}]',8,1),(30,'2023-08-03 08:53:17.948567','11','Service 5',1,'[{\"added\": {}}]',8,1),(31,'2023-08-03 08:53:35.208974','12','Service 6',1,'[{\"added\": {}}]',8,1),(32,'2023-08-03 08:53:48.226258','13','Service 7',1,'[{\"added\": {}}]',8,1),(33,'2023-08-03 08:54:01.177929','14','Service 8',1,'[{\"added\": {}}]',8,1),(34,'2023-08-03 08:54:11.715026','15','Service 9',1,'[{\"added\": {}}]',8,1),(35,'2023-08-03 08:54:23.847294','16','Service 10',1,'[{\"added\": {}}]',8,1),(36,'2023-08-03 12:09:57.605386','19','whitedevil',2,'[{\"changed\": {\"fields\": [\"Profile pic\"]}}]',7,1),(37,'2023-08-03 12:10:35.470539','18','sdffdhfg',2,'[{\"changed\": {\"fields\": [\"Social link\", \"Profile pic\"]}}]',7,1),(38,'2023-08-03 12:10:41.873079','17','dsfsd',2,'[{\"changed\": {\"fields\": [\"Social link\", \"Profile pic\"]}}]',7,1),(39,'2023-08-03 12:10:47.531745','16','testdsf',2,'[{\"changed\": {\"fields\": [\"Social link\", \"Profile pic\"]}}]',7,1),(40,'2023-08-03 12:10:53.687432','15','Tessdfsd',2,'[{\"changed\": {\"fields\": [\"Social link\", \"Profile pic\"]}}]',7,1),(41,'2023-08-03 12:10:59.815308','14','gdfgfd',2,'[{\"changed\": {\"fields\": [\"Social link\", \"Profile pic\"]}}]',7,1),(42,'2023-08-03 12:11:07.793641','13','dsfdsf@fdfg',2,'[{\"changed\": {\"fields\": [\"Social link\", \"Profile pic\"]}}]',7,1),(43,'2023-08-03 12:11:14.198071','12','dsfgfdsfgdsfg',2,'[{\"changed\": {\"fields\": [\"Social link\", \"Profile pic\"]}}]',7,1),(44,'2023-08-03 12:11:18.984041','11','dfsgdfsg@dfgdfg',2,'[{\"changed\": {\"fields\": [\"Social link\", \"Profile pic\"]}}]',7,1),(45,'2023-08-03 12:11:25.404164','10','gffdgfgd',2,'[{\"changed\": {\"fields\": [\"Social link\", \"Profile pic\"]}}]',7,1),(46,'2023-08-03 12:11:31.171234','9','dfsdfds',2,'[{\"changed\": {\"fields\": [\"Social link\", \"Profile pic\"]}}]',7,1),(47,'2023-08-03 12:11:36.922638','8','dsfsdgfds',2,'[{\"changed\": {\"fields\": [\"Social link\", \"Profile pic\"]}}]',7,1),(48,'2023-08-03 12:11:48.503742','5','rahul_demo',2,'[{\"changed\": {\"fields\": [\"Profile pic\"]}}]',7,1),(49,'2023-08-03 12:12:55.621453','5','rahul_demo',2,'[{\"changed\": {\"fields\": [\"Profile pic\"]}}]',7,1),(50,'2023-08-03 16:46:03.944392','1','App',1,'[{\"added\": {}}]',9,1),(51,'2023-08-03 16:46:29.539673','2','Product',1,'[{\"added\": {}}]',9,1),(52,'2023-08-03 16:46:36.882458','3','Branding',1,'[{\"added\": {}}]',9,1),(53,'2023-08-03 16:46:42.572881','4','Book',1,'[{\"added\": {}}]',9,1),(54,'2023-08-03 16:47:15.518795','4','Book',3,'',9,1),(55,'2023-08-03 16:47:15.532712','3','Branding',3,'',9,1),(56,'2023-08-03 16:47:15.540484','2','Product',3,'',9,1),(57,'2023-08-03 16:47:15.549259','1','App',3,'',9,1),(58,'2023-08-03 16:47:29.749715','5','PHP',1,'[{\"added\": {}}]',9,1),(59,'2023-08-03 16:47:34.861264','6','React',1,'[{\"added\": {}}]',9,1),(60,'2023-08-03 16:47:40.583137','7','Python',1,'[{\"added\": {}}]',9,1),(61,'2023-08-03 16:48:14.796473','8','Node JS',1,'[{\"added\": {}}]',9,1),(62,'2023-08-03 16:50:50.844688','1','PHP 1',1,'[{\"added\": {}}]',10,1),(63,'2023-08-03 16:51:09.771214','2','PHP 2',1,'[{\"added\": {}}]',10,1),(64,'2023-08-03 16:51:22.552807','3','PHP 3',1,'[{\"added\": {}}]',10,1),(65,'2023-08-03 16:51:41.985466','4','React 1',1,'[{\"added\": {}}]',10,1),(66,'2023-08-03 16:51:59.692286','5','React 2',1,'[{\"added\": {}}]',10,1),(67,'2023-08-03 16:52:21.073912','6','React 3',1,'[{\"added\": {}}]',10,1),(68,'2023-08-03 16:52:45.033091','7','Python 1',1,'[{\"added\": {}}]',10,1),(69,'2023-08-03 16:53:03.814461','8','Python 2',1,'[{\"added\": {}}]',10,1),(70,'2023-08-03 16:53:20.418477','9','Python 3',1,'[{\"added\": {}}]',10,1),(71,'2023-08-03 16:53:37.872794','10','NodeJS 1',1,'[{\"added\": {}}]',10,1),(72,'2023-08-03 16:53:53.319046','11','NodeJS 2',1,'[{\"added\": {}}]',10,1),(73,'2023-08-03 16:54:07.761544','12','NodeJS 3',1,'[{\"added\": {}}]',10,1),(74,'2023-08-04 04:09:34.872427','10','dfsdfds',3,'',4,1),(75,'2023-08-04 04:09:34.880418','12','dfsgdfsg@dfgdfg',3,'',4,1),(76,'2023-08-04 04:09:34.889863','14','dsfdsf@fdfg',3,'',4,1),(77,'2023-08-04 04:09:34.901719','13','dsfgfdsfgdsfg',3,'',4,1),(78,'2023-08-04 04:09:34.912896','18','dsfsd',3,'',4,1),(79,'2023-08-04 04:09:34.923928','9','dsfsdgfds',3,'',4,1),(80,'2023-08-04 04:09:34.933528','15','gdfgfd',3,'',4,1),(81,'2023-08-04 04:09:34.945678','11','gffdgfgd',3,'',4,1),(82,'2023-08-04 04:09:42.516836','19','sdffdhfg',3,'',4,1),(83,'2023-08-04 04:09:42.525742','16','Tessdfsd',3,'',4,1),(84,'2023-08-04 04:09:42.533477','17','testdsf',3,'',4,1),(85,'2023-08-04 04:09:59.861953','20','whitedevil',2,'[{\"changed\": {\"fields\": [\"password\"]}}]',4,1),(86,'2023-08-04 04:10:17.301247','6','rahul_demo',2,'[{\"changed\": {\"fields\": [\"password\"]}}]',4,1),(87,'2023-08-04 04:12:36.137159','6','rahul_demo',2,'[{\"changed\": {\"fields\": [\"password\"]}}]',4,1),(88,'2023-08-04 04:12:46.379533','20','whitedevil',2,'[{\"changed\": {\"fields\": [\"password\"]}}]',4,1),(89,'2023-08-04 06:17:42.439125','1','Web Design',1,'[{\"added\": {}}]',11,1),(90,'2023-08-04 06:18:26.316156','2','Wordpress',1,'[{\"added\": {}}]',11,1),(91,'2023-08-04 06:18:34.078353','3','Python',1,'[{\"added\": {}}]',11,1),(92,'2023-08-04 06:18:42.141455','4','PHP',1,'[{\"added\": {}}]',11,1),(93,'2023-08-04 06:18:51.761508','5','Java',1,'[{\"added\": {}}]',11,1),(94,'2023-08-04 06:19:01.479196','6','ReactJs',1,'[{\"added\": {}}]',11,1),(95,'2023-08-04 09:38:45.879795','1','sdfgfgsd',2,'[{\"changed\": {\"fields\": [\"Categories\"]}}]',12,1),(96,'2023-08-04 09:58:22.650456','1','sdfgfgsd',3,'',12,1),(97,'2023-08-04 12:29:41.204296','3','Organizing test code in PHP',2,'[{\"changed\": {\"fields\": [\"Content\"]}}]',12,1),(98,'2023-08-04 14:00:16.821258','22','rahuldhamecha',1,'[{\"added\": {}}]',7,1),(99,'2023-08-04 16:33:56.584689','6','ReactJs',2,'[{\"changed\": {\"fields\": [\"Description\", \"Category image\"]}}]',11,1),(100,'2023-08-04 16:34:17.633097','5','Java',2,'[{\"changed\": {\"fields\": [\"Description\", \"Category image\"]}}]',11,1),(101,'2023-08-04 16:34:28.468748','4','PHP',2,'[{\"changed\": {\"fields\": [\"Description\", \"Category image\"]}}]',11,1),(102,'2023-08-04 16:34:38.508845','3','Python',2,'[{\"changed\": {\"fields\": [\"Description\", \"Category image\"]}}]',11,1),(103,'2023-08-04 16:34:44.802043','2','Wordpress',2,'[{\"changed\": {\"fields\": [\"Description\", \"Category image\"]}}]',11,1),(104,'2023-08-04 16:34:53.181745','1','Web Design',2,'[{\"changed\": {\"fields\": [\"Description\", \"Category image\"]}}]',11,1),(105,'2023-08-05 15:04:41.772837','1','Rahul Dhamecha',1,'[{\"added\": {}}]',13,1),(106,'2023-08-05 15:05:19.496252','2','Sandeep Gupta',1,'[{\"added\": {}}]',13,1),(107,'2023-08-05 15:05:32.424571','3','Darsh Shah',1,'[{\"added\": {}}]',13,1),(108,'2023-08-05 15:06:09.416814','4','Vishal Prajapati',1,'[{\"added\": {}}]',13,1),(109,'2023-08-05 15:06:23.122452','5','Sharad Gupta',1,'[{\"added\": {}}]',13,1),(110,'2023-08-05 15:06:38.527879','6','Aman Sharma',1,'[{\"added\": {}}]',13,1);
/*!40000 ALTER TABLE `django_admin_log` ENABLE KEYS */;
UNLOCK TABLES;

--
-- Table structure for table `django_content_type`
--

DROP TABLE IF EXISTS `django_content_type`;
/*!40101 SET @saved_cs_client     = @@character_set_client */;
/*!50503 SET character_set_client = utf8mb4 */;
CREATE TABLE `django_content_type` (
  `id` int NOT NULL AUTO_INCREMENT,
  `app_label` varchar(100) NOT NULL,
  `model` varchar(100) NOT NULL,
  PRIMARY KEY (`id`),
  UNIQUE KEY `django_content_type_app_label_model_76bd3d3b_uniq` (`app_label`,`model`)
) ENGINE=InnoDB AUTO_INCREMENT=16 DEFAULT CHARSET=utf8mb4 COLLATE=utf8mb4_0900_ai_ci;
/*!40101 SET character_set_client = @saved_cs_client */;

--
-- Dumping data for table `django_content_type`
--

LOCK TABLES `django_content_type` WRITE;
/*!40000 ALTER TABLE `django_content_type` DISABLE KEYS */;
INSERT INTO `django_content_type` VALUES (1,'admin','logentry'),(3,'auth','group'),(2,'auth','permission'),(4,'auth','user'),(7,'authentication','userprofile'),(12,'blogs','blog'),(11,'blogs','category'),(5,'contenttypes','contenttype'),(15,'portfolio','contact'),(10,'portfolio','portfolio'),(9,'portfolio','portfoliocategory'),(8,'portfolio','service'),(14,'portfolio','subscriber'),(13,'portfolio','testimonial'),(6,'sessions','session');
/*!40000 ALTER TABLE `django_content_type` ENABLE KEYS */;
UNLOCK TABLES;

--
-- Table structure for table `django_migrations`
--

DROP TABLE IF EXISTS `django_migrations`;
/*!40101 SET @saved_cs_client     = @@character_set_client */;
/*!50503 SET character_set_client = utf8mb4 */;
CREATE TABLE `django_migrations` (
  `id` bigint NOT NULL AUTO_INCREMENT,
  `app` varchar(255) NOT NULL,
  `name` varchar(255) NOT NULL,
  `applied` datetime(6) NOT NULL,
  PRIMARY KEY (`id`)
) ENGINE=InnoDB AUTO_INCREMENT=31 DEFAULT CHARSET=utf8mb4 COLLATE=utf8mb4_0900_ai_ci;
/*!40101 SET character_set_client = @saved_cs_client */;

--
-- Dumping data for table `django_migrations`
--

LOCK TABLES `django_migrations` WRITE;
/*!40000 ALTER TABLE `django_migrations` DISABLE KEYS */;
INSERT INTO `django_migrations` VALUES (1,'contenttypes','0001_initial','2023-08-02 09:23:32.583575'),(2,'auth','0001_initial','2023-08-02 09:23:34.386816'),(3,'admin','0001_initial','2023-08-02 09:23:34.776910'),(4,'admin','0002_logentry_remove_auto_add','2023-08-02 09:23:34.804605'),(5,'admin','0003_logentry_add_action_flag_choices','2023-08-02 09:23:34.824079'),(6,'contenttypes','0002_remove_content_type_name','2023-08-02 09:23:35.052421'),(7,'auth','0002_alter_permission_name_max_length','2023-08-02 09:23:35.196673'),(8,'auth','0003_alter_user_email_max_length','2023-08-02 09:23:35.259080'),(9,'auth','0004_alter_user_username_opts','2023-08-02 09:23:35.286901'),(10,'auth','0005_alter_user_last_login_null','2023-08-02 09:23:35.429130'),(11,'auth','0006_require_contenttypes_0002','2023-08-02 09:23:35.442630'),(12,'auth','0007_alter_validators_add_error_messages','2023-08-02 09:23:35.469306'),(13,'auth','0008_alter_user_username_max_length','2023-08-02 09:23:35.624705'),(14,'auth','0009_alter_user_last_name_max_length','2023-08-02 09:23:35.785558'),(15,'auth','0010_alter_group_name_max_length','2023-08-02 09:23:35.845588'),(16,'auth','0011_update_proxy_permissions','2023-08-02 09:23:35.871082'),(17,'auth','0012_alter_user_first_name_max_length','2023-08-02 09:23:36.036435'),(18,'authentication','0001_initial','2023-08-02 09:23:36.241791'),(19,'sessions','0001_initial','2023-08-02 09:23:36.365713'),(21,'portfolio','0001_initial','2023-08-03 16:44:22.450056'),(22,'blogs','0001_initial','2023-08-04 05:34:06.471713'),(23,'blogs','0002_blog_blog_image','2023-08-04 06:16:07.758225'),(24,'blogs','0003_alter_blog_content','2023-08-04 09:52:16.032495'),(25,'blogs','0004_category_category_image_category_description','2023-08-04 15:54:38.002955'),(26,'blogs','0005_alter_category_description','2023-08-04 16:33:33.209060'),(27,'blogs','0006_blog_short_description','2023-08-04 16:49:50.498662'),(28,'portfolio','0002_testimonial','2023-08-05 15:03:44.475363'),(29,'portfolio','0003_subscriber','2023-08-05 16:43:46.983188'),(30,'portfolio','0004_contact_alter_subscriber_is_subscribe','2023-08-05 19:18:30.286800');
/*!40000 ALTER TABLE `django_migrations` ENABLE KEYS */;
UNLOCK TABLES;

--
-- Table structure for table `django_session`
--

DROP TABLE IF EXISTS `django_session`;
/*!40101 SET @saved_cs_client     = @@character_set_client */;
/*!50503 SET character_set_client = utf8mb4 */;
CREATE TABLE `django_session` (
  `session_key` varchar(40) NOT NULL,
  `session_data` longtext NOT NULL,
  `expire_date` datetime(6) NOT NULL,
  PRIMARY KEY (`session_key`),
  KEY `django_session_expire_date_a5c62663` (`expire_date`)
) ENGINE=InnoDB DEFAULT CHARSET=utf8mb4 COLLATE=utf8mb4_0900_ai_ci;
/*!40101 SET character_set_client = @saved_cs_client */;

--
-- Dumping data for table `django_session`
--

LOCK TABLES `django_session` WRITE;
/*!40000 ALTER TABLE `django_session` DISABLE KEYS */;
INSERT INTO `django_session` VALUES ('9q34rbn7b404zil3quxdp8m976b1bbn7','.eJxVjDsOwyAQRO9CHSEWY_wp0-cMaGGX2IllLLCrKHdPkFwkxTQzb95LODz2yR2Fs5tJjALE5bfzGJ681oEeuN6TDGnd8-xlReS5FnlLxMv1ZP8EE5apvocBGosNKdMbqxpWIXYcjPVgVATQxMai7bvg28FqjUDfeE0t9kxQpVtOcV7YHRvhzmKMuBR-fwAwxkBC:1qSNJl:CgEuU-1Ub3YLqdAAuyxoxc6oYPfG_7M5rtxhWxNAXlM','2023-08-19 19:52:05.825615');
/*!40000 ALTER TABLE `django_session` ENABLE KEYS */;
UNLOCK TABLES;

--
-- Table structure for table `portfolio_contact`
--

DROP TABLE IF EXISTS `portfolio_contact`;
/*!40101 SET @saved_cs_client     = @@character_set_client */;
/*!50503 SET character_set_client = utf8mb4 */;
CREATE TABLE `portfolio_contact` (
  `id` bigint NOT NULL AUTO_INCREMENT,
  `name` varchar(256) NOT NULL,
  `email` varchar(256) NOT NULL,
  `subject` varchar(400) NOT NULL,
  `message` longtext NOT NULL,
  `created_date` datetime(6) NOT NULL,
  PRIMARY KEY (`id`)
) ENGINE=InnoDB AUTO_INCREMENT=4 DEFAULT CHARSET=utf8mb4 COLLATE=utf8mb4_0900_ai_ci;
/*!40101 SET character_set_client = @saved_cs_client */;

--
-- Dumping data for table `portfolio_contact`
--

LOCK TABLES `portfolio_contact` WRITE;
/*!40000 ALTER TABLE `portfolio_contact` DISABLE KEYS */;
INSERT INTO `portfolio_contact` VALUES (1,'Rahul Dhamecha','rahul.dhamecha@infobeans.com','Test mail','Test','2023-08-05 19:41:37.206861'),(2,'Test','rahul.dhamecha@infobeans.com','Test Subject Rahul dhamecha','this is the test message','2023-08-05 19:45:48.296454'),(3,'TRfsf','killer21896@gmail.com','rahul21896@gmail.com','This is the test','2023-08-05 19:46:55.852783');
/*!40000 ALTER TABLE `portfolio_contact` ENABLE KEYS */;
UNLOCK TABLES;

--
-- Table structure for table `portfolio_portfolio`
--

DROP TABLE IF EXISTS `portfolio_portfolio`;
/*!40101 SET @saved_cs_client     = @@character_set_client */;
/*!50503 SET character_set_client = utf8mb4 */;
CREATE TABLE `portfolio_portfolio` (
  `id` bigint NOT NULL AUTO_INCREMENT,
  `name` varchar(5000) NOT NULL,
  `description` varchar(5000) NOT NULL,
  `image` varchar(100) NOT NULL,
  `category_id` bigint NOT NULL,
  PRIMARY KEY (`id`),
  KEY `portfolio_portfolio_category_id_ae2172ee_fk_portfolio` (`category_id`),
  CONSTRAINT `portfolio_portfolio_category_id_ae2172ee_fk_portfolio` FOREIGN KEY (`category_id`) REFERENCES `portfolio_portfoliocategory` (`id`)
) ENGINE=InnoDB AUTO_INCREMENT=13 DEFAULT CHARSET=utf8mb4 COLLATE=utf8mb4_0900_ai_ci;
/*!40101 SET character_set_client = @saved_cs_client */;

--
-- Dumping data for table `portfolio_portfolio`
--

LOCK TABLES `portfolio_portfolio` WRITE;
/*!40000 ALTER TABLE `portfolio_portfolio` DISABLE KEYS */;
INSERT INTO `portfolio_portfolio` VALUES (1,'PHP 1','orem Ipsum is simply dummy text of the printing and typesetting industry. Lorem Ipsum has been the industry\'s standard dummy text ever since the 1500s, when an unknown printer took a galley of type and scrambled it to make a type specimen book. It has survived not only five centuries, but also the leap into electronic typesetting, remaining essentially unchanged. It was popularised in the 1960s with the release of Letraset sheets containing Lorem Ipsum passages, and more recently with desktop publishing software like Aldus PageMaker including versions of Lorem Ipsum.','portfolio_images/app-1.jpg',5),(2,'PHP 2','Lorem Ipsum is simply dummy text of the printing and typesetting industry. Lorem Ipsum has been the industry\'s standard dummy text ever since the 1500s, when an unknown printer took a galley of type and scrambled it to make a type specimen book. It has survived not only five centuries, but also the leap into electronic typesetting, remaining essentially unchanged. It was popularised in the 1960s with the release of Letraset sheets containing Lorem Ipsum passages, and more recently with desktop publishing software like Aldus PageMaker including versions of Lorem Ipsum.','portfolio_images/app-2.jpg',5),(3,'PHP 3','Lorem Ipsum is simply dummy text of the printing and typesetting industry. Lorem Ipsum has been the industry\'s standard dummy text ever since the 1500s, when an unknown printer took a galley of type and scrambled it to make a type specimen book. It has survived not only five centuries, but also the leap into electronic typesetting, remaining essentially unchanged. It was popularised in the 1960s with the release of Letraset sheets containing Lorem Ipsum passages, and more recently with desktop publishing software like Aldus PageMaker including versions of Lorem Ipsum.','portfolio_images/app-3.jpg',5),(4,'React 1','Lorem Ipsum is simply dummy text of the printing and typesetting industry. Lorem Ipsum has been the industry\'s standard dummy text ever since the 1500s, when an unknown printer took a galley of type and scrambled it to make a type specimen book. It has survived not only five centuries, but also the leap into electronic typesetting, remaining essentially unchanged. It was popularised in the 1960s with the release of Letraset sheets containing Lorem Ipsum passages, and more recently with desktop publishing software like Aldus PageMaker including versions of Lorem Ipsum.','portfolio_images/books-1.jpg',6),(5,'React 2','Lorem Ipsum is simply dummy text of the printing and typesetting industry. Lorem Ipsum has been the industry\'s standard dummy text ever since the 1500s, when an unknown printer took a galley of type and scrambled it to make a type specimen book. It has survived not only five centuries, but also the leap into electronic typesetting, remaining essentially unchanged. It was popularised in the 1960s with the release of Letraset sheets containing Lorem Ipsum passages, and more recently with desktop publishing software like Aldus PageMaker including versions of Lorem Ipsum.','portfolio_images/books-2.jpg',6),(6,'React 3','Lorem Ipsum is simply dummy text of the printing and typesetting industry. Lorem Ipsum has been the industry\'s standard dummy text ever since the 1500s, when an unknown printer took a galley of type and scrambled it to make a type specimen book. It has survived not only five centuries, but also the leap into electronic typesetting, remaining essentially unchanged. It was popularised in the 1960s with the release of Letraset sheets containing Lorem Ipsum passages, and more recently with desktop publishing software like Aldus PageMaker including versions of Lorem Ipsum.','portfolio_images/books-3.jpg',6),(7,'Python 1','Lorem Ipsum is simply dummy text of the printing and typesetting industry. Lorem Ipsum has been the industry\'s standard dummy text ever since the 1500s, when an unknown printer took a galley of type and scrambled it to make a type specimen book. It has survived not only five centuries, but also the leap into electronic typesetting, remaining essentially unchanged. It was popularised in the 1960s with the release of Letraset sheets containing Lorem Ipsum passages, and more recently with desktop publishing software like Aldus PageMaker including versions of Lorem Ipsum.','portfolio_images/app-1_31OU7FN.jpg',7),(8,'Python 2','Lorem Ipsum is simply dummy text of the printing and typesetting industry. Lorem Ipsum has been the industry\'s standard dummy text ever since the 1500s, when an unknown printer took a galley of type and scrambled it to make a type specimen book. It has survived not only five centuries, but also the leap into electronic typesetting, remaining essentially unchanged. It was popularised in the 1960s with the release of Letraset sheets containing Lorem Ipsum passages, and more recently with desktop publishing software like Aldus PageMaker including versions of Lorem Ipsum.','portfolio_images/app-2_OiWDFv1.jpg',7),(9,'Python 3','Lorem Ipsum is simply dummy text of the printing and typesetting industry. Lorem Ipsum has been the industry\'s standard dummy text ever since the 1500s, when an unknown printer took a galley of type and scrambled it to make a type specimen book. It has survived not only five centuries, but also the leap into electronic typesetting, remaining essentially unchanged. It was popularised in the 1960s with the release of Letraset sheets containing Lorem Ipsum passages, and more recently with desktop publishing software like Aldus PageMaker including versions of Lorem Ipsum.','portfolio_images/app-3_buUPb3b.jpg',7),(10,'NodeJS 1','Lorem Ipsum is simply dummy text of the printing and typesetting industry. Lorem Ipsum has been the industry\'s standard dummy text ever since the 1500s, when an unknown printer took a galley of type and scrambled it to make a type specimen book. It has survived not only five centuries, but also the leap into electronic typesetting, remaining essentially unchanged. It was popularised in the 1960s with the release of Letraset sheets containing Lorem Ipsum passages, and more recently with desktop publishing software like Aldus PageMaker including versions of Lorem Ipsum.','portfolio_images/books-1_ZNIwyjO.jpg',8),(11,'NodeJS 2','Lorem Ipsum is simply dummy text of the printing and typesetting industry. Lorem Ipsum has been the industry\'s standard dummy text ever since the 1500s, when an unknown printer took a galley of type and scrambled it to make a type specimen book. It has survived not only five centuries, but also the leap into electronic typesetting, remaining essentially unchanged. It was popularised in the 1960s with the release of Letraset sheets containing Lorem Ipsum passages, and more recently with desktop publishing software like Aldus PageMaker including versions of Lorem Ipsum.','portfolio_images/books-2_QEmvA9N.jpg',8),(12,'NodeJS 3','Lorem Ipsum is simply dummy text of the printing and typesetting industry. Lorem Ipsum has been the industry\'s standard dummy text ever since the 1500s, when an unknown printer took a galley of type and scrambled it to make a type specimen book. It has survived not only five centuries, but also the leap into electronic typesetting, remaining essentially unchanged. It was popularised in the 1960s with the release of Letraset sheets containing Lorem Ipsum passages, and more recently with desktop publishing software like Aldus PageMaker including versions of Lorem Ipsum.','portfolio_images/books-3_UtbAcAy.jpg',8);
/*!40000 ALTER TABLE `portfolio_portfolio` ENABLE KEYS */;
UNLOCK TABLES;

--
-- Table structure for table `portfolio_portfoliocategory`
--

DROP TABLE IF EXISTS `portfolio_portfoliocategory`;
/*!40101 SET @saved_cs_client     = @@character_set_client */;
/*!50503 SET character_set_client = utf8mb4 */;
CREATE TABLE `portfolio_portfoliocategory` (
  `id` bigint NOT NULL AUTO_INCREMENT,
  `name` varchar(265) NOT NULL,
  PRIMARY KEY (`id`)
) ENGINE=InnoDB AUTO_INCREMENT=9 DEFAULT CHARSET=utf8mb4 COLLATE=utf8mb4_0900_ai_ci;
/*!40101 SET character_set_client = @saved_cs_client */;

--
-- Dumping data for table `portfolio_portfoliocategory`
--

LOCK TABLES `portfolio_portfoliocategory` WRITE;
/*!40000 ALTER TABLE `portfolio_portfoliocategory` DISABLE KEYS */;
INSERT INTO `portfolio_portfoliocategory` VALUES (5,'PHP'),(6,'React'),(7,'Python'),(8,'Node JS');
/*!40000 ALTER TABLE `portfolio_portfoliocategory` ENABLE KEYS */;
UNLOCK TABLES;

--
-- Table structure for table `portfolio_service`
--

DROP TABLE IF EXISTS `portfolio_service`;
/*!40101 SET @saved_cs_client     = @@character_set_client */;
/*!50503 SET character_set_client = utf8mb4 */;
CREATE TABLE `portfolio_service` (
  `id` bigint NOT NULL AUTO_INCREMENT,
  `service_name` varchar(4000) NOT NULL,
  `service_description` varchar(4000) NOT NULL,
  `service_image` varchar(100) NOT NULL,
  PRIMARY KEY (`id`)
) ENGINE=InnoDB AUTO_INCREMENT=17 DEFAULT CHARSET=utf8mb4 COLLATE=utf8mb4_0900_ai_ci;
/*!40101 SET character_set_client = @saved_cs_client */;

--
-- Dumping data for table `portfolio_service`
--

LOCK TABLES `portfolio_service` WRITE;
/*!40000 ALTER TABLE `portfolio_service` DISABLE KEYS */;
INSERT INTO `portfolio_service` VALUES (1,'Web Design','orem Ipsum is simply dummy text of the printing and typesetting industry. Lorem Ipsum has been the industry\'s standard dummy text ever since the 1500s, when an unknown printer took a galley of type and scrambled it to make a type specimen book. It has survived not only five centuries, but also the leap into electronic typesetting, remaining essentially unchanged. It was popularised in the 1960s with the release of Letraset sheets containing Lorem Ipsum passages, and more recently with desktop publishing software like Aldus PageMaker including versions of Lorem Ipsum.','service_images/domenico-loia-EhTcC9sYXsw-unsplash.jpg'),(2,'Web Development','orem Ipsum is simply dummy text of the printing and typesetting industry. Lorem Ipsum has been the industry\'s standard dummy text ever since the 1500s, when an unknown printer took a galley of type and scrambled it to make a type specimen book. It has survived not only five centuries, but also the leap into electronic typesetting, remaining essentially unchanged. It was popularised in the 1960s with the release of Letraset sheets containing Lorem Ipsum passages, and more recently with desktop publishing software like Aldus PageMaker including versions of Lorem Ipsum.','service_images/clement-helardot-95YRwf6CNw8-unsplash.jpg'),(3,'UI / UX Design','orem Ipsum is simply dummy text of the printing and typesetting industry. Lorem Ipsum has been the industry\'s standard dummy text ever since the 1500s, when an unknown printer took a galley of type and scrambled it to make a type specimen book. It has survived not only five centuries, but also the leap into electronic typesetting, remaining essentially unchanged. It was popularised in the 1960s with the release of Letraset sheets containing Lorem Ipsum passages, and more recently with desktop publishing software like Aldus PageMaker including versions of Lorem Ipsum.','service_images/alvaro-reyes-zvmZiw3vdsQ-unsplash.jpg'),(4,'PHP Development','orem Ipsum is simply dummy text of the printing and typesetting industry. Lorem Ipsum has been the industry\'s standard dummy text ever since the 1500s, when an unknown printer took a galley of type and scrambled it to make a type specimen book. It has survived not only five centuries, but also the leap into electronic typesetting, remaining essentially unchanged. It was popularised in the 1960s with the release of Letraset sheets containing Lorem Ipsum passages, and more recently with desktop publishing software like Aldus PageMaker including versions of Lorem Ipsum.','service_images/ben-griffiths-Bj6ENZDMSDY-unsplash.jpg'),(5,'Wordpress Development','orem Ipsum is simply dummy text of the printing and typesetting industry. Lorem Ipsum has been the industry\'s standard dummy text ever since the 1500s, when an unknown printer took a galley of type and scrambled it to make a type specimen book. It has survived not only five centuries, but also the leap into electronic typesetting, remaining essentially unchanged. It was popularised in the 1960s with the release of Letraset sheets containing Lorem Ipsum passages, and more recently with desktop publishing software like Aldus PageMaker including versions of Lorem Ipsum.','service_images/webfactory-ltd-B0tAwAQUbzA-unsplash.jpg'),(6,'ReactJs Develpment','orem Ipsum is simply dummy text of the printing and typesetting industry. Lorem Ipsum has been the industry\'s standard dummy text ever since the 1500s, when an unknown printer took a galley of type and scrambled it to make a type specimen book. It has survived not only five centuries, but also the leap into electronic typesetting, remaining essentially unchanged. It was popularised in the 1960s with the release of Letraset sheets containing Lorem Ipsum passages, and more recently with desktop publishing software like Aldus PageMaker including versions of Lorem Ipsum.','service_images/lautaro-andreani-xkBaqlcqeb4-unsplash.jpg'),(7,'Service 1','orem Ipsum is simply dummy text of the printing and typesetting industry. Lorem Ipsum has been the industry\'s standard dummy text ever since the 1500s, when an unknown printer took a galley of type and scrambled it to make a type specimen book. It has survived not only five centuries, but also the leap into electronic typesetting, remaining essentially unchanged. It was popularised in the 1960s with the release of Letraset sheets containing Lorem Ipsum passages, and more recently with desktop publishing software like Aldus PageMaker including versions of Lorem Ipsum.','service_images/domenico-loia-EhTcC9sYXsw-unsplash_LXqAXYG.jpg'),(8,'Service 2','orem Ipsum is simply dummy text of the printing and typesetting industry. Lorem Ipsum has been the industry\'s standard dummy text ever since the 1500s, when an unknown printer took a galley of type and scrambled it to make a type specimen book. It has survived not only five centuries, but also the leap into electronic typesetting, remaining essentially unchanged. It was popularised in the 1960s with the release of Letraset sheets containing Lorem Ipsum passages, and more recently with desktop publishing software like Aldus PageMaker including versions of Lorem Ipsum.','service_images/domenico-loia-EhTcC9sYXsw-unsplash_23s3Pdk.jpg'),(9,'Service 3','orem Ipsum is simply dummy text of the printing and typesetting industry. Lorem Ipsum has been the industry\'s standard dummy text ever since the 1500s, when an unknown printer took a galley of type and scrambled it to make a type specimen book. It has survived not only five centuries, but also the leap into electronic typesetting, remaining essentially unchanged. It was popularised in the 1960s with the release of Letraset sheets containing Lorem Ipsum passages, and more recently with desktop publishing software like Aldus PageMaker including versions of Lorem Ipsum.','service_images/domenico-loia-EhTcC9sYXsw-unsplash_ZL0etV2.jpg'),(10,'Service 4','orem Ipsum is simply dummy text of the printing and typesetting industry. Lorem Ipsum has been the industry\'s standard dummy text ever since the 1500s, when an unknown printer took a galley of type and scrambled it to make a type specimen book. It has survived not only five centuries, but also the leap into electronic typesetting, remaining essentially unchanged. It was popularised in the 1960s with the release of Letraset sheets containing Lorem Ipsum passages, and more recently with desktop publishing software like Aldus PageMaker including versions of Lorem Ipsum.','service_images/domenico-loia-EhTcC9sYXsw-unsplash_HukRiE8.jpg'),(11,'Service 5','orem Ipsum is simply dummy text of the printing and typesetting industry. Lorem Ipsum has been the industry\'s standard dummy text ever since the 1500s, when an unknown printer took a galley of type and scrambled it to make a type specimen book. It has survived not only five centuries, but also the leap into electronic typesetting, remaining essentially unchanged. It was popularised in the 1960s with the release of Letraset sheets containing Lorem Ipsum passages, and more recently with desktop publishing software like Aldus PageMaker including versions of Lorem Ipsum.','service_images/clement-helardot-95YRwf6CNw8-unsplash_vrQw4eA.jpg'),(12,'Service 6','orem Ipsum is simply dummy text of the printing and typesetting industry. Lorem Ipsum has been the industry\'s standard dummy text ever since the 1500s, when an unknown printer took a galley of type and scrambled it to make a type specimen book. It has survived not only five centuries, but also the leap into electronic typesetting, remaining essentially unchanged. It was popularised in the 1960s with the release of Letraset sheets containing Lorem Ipsum passages, and more recently with desktop publishing software like Aldus PageMaker including versions of Lorem Ipsum.','service_images/alvaro-reyes-zvmZiw3vdsQ-unsplash_HeUDOKm.jpg'),(13,'Service 7','orem Ipsum is simply dummy text of the printing and typesetting industry. Lorem Ipsum has been the industry\'s standard dummy text ever since the 1500s, when an unknown printer took a galley of type and scrambled it to make a type specimen book. It has survived not only five centuries, but also the leap into electronic typesetting, remaining essentially unchanged. It was popularised in the 1960s with the release of Letraset sheets containing Lorem Ipsum passages, and more recently with desktop publishing software like Aldus PageMaker including versions of Lorem Ipsum.','service_images/clement-helardot-95YRwf6CNw8-unsplash_11Bm1zG.jpg'),(14,'Service 8','orem Ipsum is simply dummy text of the printing and typesetting industry. Lorem Ipsum has been the industry\'s standard dummy text ever since the 1500s, when an unknown printer took a galley of type and scrambled it to make a type specimen book. It has survived not only five centuries, but also the leap into electronic typesetting, remaining essentially unchanged. It was popularised in the 1960s with the release of Letraset sheets containing Lorem Ipsum passages, and more recently with desktop publishing software like Aldus PageMaker including versions of Lorem Ipsum.','service_images/alvaro-reyes-zvmZiw3vdsQ-unsplash_Uxxl6Tw.jpg'),(15,'Service 9','orem Ipsum is simply dummy text of the printing and typesetting industry. Lorem Ipsum has been the industry\'s standard dummy text ever since the 1500s, when an unknown printer took a galley of type and scrambled it to make a type specimen book. It has survived not only five centuries, but also the leap into electronic typesetting, remaining essentially unchanged. It was popularised in the 1960s with the release of Letraset sheets containing Lorem Ipsum passages, and more recently with desktop publishing software like Aldus PageMaker including versions of Lorem Ipsum.','service_images/clement-helardot-95YRwf6CNw8-unsplash_Q81JZBh.jpg'),(16,'Service 10','orem Ipsum is simply dummy text of the printing and typesetting industry. Lorem Ipsum has been the industry\'s standard dummy text ever since the 1500s, when an unknown printer took a galley of type and scrambled it to make a type specimen book. It has survived not only five centuries, but also the leap into electronic typesetting, remaining essentially unchanged. It was popularised in the 1960s with the release of Letraset sheets containing Lorem Ipsum passages, and more recently with desktop publishing software like Aldus PageMaker including versions of Lorem Ipsum.','service_images/ben-griffiths-Bj6ENZDMSDY-unsplash_aVmAsd2.jpg');
/*!40000 ALTER TABLE `portfolio_service` ENABLE KEYS */;
UNLOCK TABLES;

--
-- Table structure for table `portfolio_subscriber`
--

DROP TABLE IF EXISTS `portfolio_subscriber`;
/*!40101 SET @saved_cs_client     = @@character_set_client */;
/*!50503 SET character_set_client = utf8mb4 */;
CREATE TABLE `portfolio_subscriber` (
  `id` bigint NOT NULL AUTO_INCREMENT,
  `email` varchar(256) NOT NULL,
  `is_subscribe` tinyint(1) NOT NULL,
  PRIMARY KEY (`id`)
) ENGINE=InnoDB AUTO_INCREMENT=2 DEFAULT CHARSET=utf8mb4 COLLATE=utf8mb4_0900_ai_ci;
/*!40101 SET character_set_client = @saved_cs_client */;

--
-- Dumping data for table `portfolio_subscriber`
--

LOCK TABLES `portfolio_subscriber` WRITE;
/*!40000 ALTER TABLE `portfolio_subscriber` DISABLE KEYS */;
INSERT INTO `portfolio_subscriber` VALUES (1,'rahul.dhamecha@infobeans.com',0);
/*!40000 ALTER TABLE `portfolio_subscriber` ENABLE KEYS */;
UNLOCK TABLES;

--
-- Table structure for table `portfolio_testimonial`
--

DROP TABLE IF EXISTS `portfolio_testimonial`;
/*!40101 SET @saved_cs_client     = @@character_set_client */;
/*!50503 SET character_set_client = utf8mb4 */;
CREATE TABLE `portfolio_testimonial` (
  `id` bigint NOT NULL AUTO_INCREMENT,
  `name` varchar(256) NOT NULL,
  `position` varchar(256) NOT NULL,
  `content` longtext NOT NULL,
  PRIMARY KEY (`id`)
) ENGINE=InnoDB AUTO_INCREMENT=7 DEFAULT CHARSET=utf8mb4 COLLATE=utf8mb4_0900_ai_ci;
/*!40101 SET character_set_client = @saved_cs_client */;

--
-- Dumping data for table `portfolio_testimonial`
--

LOCK TABLES `portfolio_testimonial` WRITE;
/*!40000 ALTER TABLE `portfolio_testimonial` DISABLE KEYS */;
INSERT INTO `portfolio_testimonial` VALUES (1,'Rahul Dhamecha','Software Enginner','Lorem Ipsum is simply dummy text of the printing and typesetting industry. Lorem Ipsum has been the industry\'s standard dummy text ever since the 1500s, when an unknown printer took a galley of type and scrambled it to make a type specimen book.'),(2,'Sandeep Gupta','Entrepuner','Lorem Ipsum is simply dummy text of the printing and typesetting industry. Lorem Ipsum has been the industry\'s standard dummy text ever since the 1500s, when an unknown printer took a galley of type and scrambled it to make a type specimen book.'),(3,'Darsh Shah','Desiner','Lorem Ipsum is simply dummy text of the printing and typesetting industry. Lorem Ipsum has been the industry\'s standard dummy text ever since the 1500s, when an unknown printer took a galley of type and scrambled it to make a type specimen book.'),(4,'Vishal Prajapati','Mobile Developer','Lorem Ipsum is simply dummy text of the printing and typesetting industry. Lorem Ipsum has been the industry\'s standard dummy text ever since the 1500s, when an unknown printer took a galley of type and scrambled it to make a type specimen book.'),(5,'Sharad Gupta','Desiner','Lorem Ipsum is simply dummy text of the printing and typesetting industry. Lorem Ipsum has been the industry\'s standard dummy text ever since the 1500s, when an unknown printer took a galley of type and scrambled it to make a type specimen book.'),(6,'Aman Sharma','Web Devloper','Lorem Ipsum is simply dummy text of the printing and typesetting industry. Lorem Ipsum has been the industry\'s standard dummy text ever since the 1500s, when an unknown printer took a galley of type and scrambled it to make a type specimen book.');
/*!40000 ALTER TABLE `portfolio_testimonial` ENABLE KEYS */;
UNLOCK TABLES;
/*!40103 SET TIME_ZONE=@OLD_TIME_ZONE */;

/*!40101 SET SQL_MODE=@OLD_SQL_MODE */;
/*!40014 SET FOREIGN_KEY_CHECKS=@OLD_FOREIGN_KEY_CHECKS */;
/*!40014 SET UNIQUE_CHECKS=@OLD_UNIQUE_CHECKS */;
/*!40101 SET CHARACTER_SET_CLIENT=@OLD_CHARACTER_SET_CLIENT */;
/*!40101 SET CHARACTER_SET_RESULTS=@OLD_CHARACTER_SET_RESULTS */;
/*!40101 SET COLLATION_CONNECTION=@OLD_COLLATION_CONNECTION */;
/*!40111 SET SQL_NOTES=@OLD_SQL_NOTES */;

-- Dump completed on 2023-08-06  1:41:00
